company_name,county,link_company,name_signatory
PREVICONSULT,01,https://www.previconsult.com/,C. CHANGARNIER
Sarl FDV,01,,F. GASULL
FAAB FABRICAUTO,01,,P. LEBAS
GROUPE MARTIN BELAYSOUD,01,https://www.martin-belaysoud.com/,P. MARTIN
CAPAMAM,03,,G. Gilardin
Ecole de Conduite Bourbonnaise,03,http://www.autoecoleecb.fr/,v. thouvenet
ELECTRONEUTRE,03,http://www.electroneutre.com,P. NYS
FNATH Groupement de l'Allier,03,,J. AUBOUARD
THALES UNDERWATER SYSTEMS,06,http://www.cfdt-thales.com,M. DA CUNHA
SOS OXYGENE,06,https://www.sosoxygene.com/,S. BATTU
Laboratoires Arkopharma,06,http://www.arkopharma.com,S. MELIN
CER du Sud Est,06,https://www.permis-a-points-nice.fr,
CER du Sud Est,06,http://www.permis-a-points-nice.fr,G. DEVILLER
APPORT TEMPS,06,,G. BOZONNET
SPRINTER NICE COTE D'AZUR,06,,J. PULIDORI
MEI Industries,06,,M. Denis
GALAXY PRODUCTION ,06,,F. GALAXY PRODUCTION 
TRANSCAN GROUPE,06,,F. CANNATA
HOPITAL GERIATRIQUE LES SOURCES,06,http://www.hpgs.fr/hopital-prive-geriatrique-les-sources/,A. COUTY DE WEWEIRE
AEADC auto-école,07,https://www.code-a-domicile.com/,M. Jonac
MAISON MONTAGUT,07,http://maisonmontagut.com,A. GARCIA
TSC,07,https://tsc-travaux-acces-difficile.business.site/,D. ASTIER
AJC SERVICES,07,https://www.ajc-transport.com,P. SANGUINETTI
FONDERIES VIGNON,08,http://www.fonderies-vignon.fr/,M. MONCLIN
TRANSPORTS BLIN,08,,J. BUREAU
SNC URANO,08,http://www.urano.fr,P. URANO
Groupe PSA site de Charleville,08,https://site.groupe-psa.com/,s. GELAS
voyages remi,08,http://www.voyagesremi.com,f. henocq
Meubles Rinck,08,http://www.rinck.fr,B. Sachet
Transports BOUCHERY,08,http://www.bouchery.com,T. BOUCHERY
CEVA TECHNOLOGIES,08,http://www.ceva-tech.com,T. COLLET
ARDENNES COPACKING ROUTAGE (ACR),08,http://www.acrlogistique.eu,s. poix delforge
transports simon,08,http://simon-transports.fr/,f. simon
Debesse iso et bois,08,http://www.debesseisoetbois.fr,J. Debesse
eurl ascione,08,,c. ascione
EDPAMS JACQUES SOURDILLE,08,http://www.edpams.fr/,O. MALLET
Laboratoire BIO ARD AISNE,08,https://bioardaisne.fr,V. Thirion
Transports BOJKO,10,,s. bojko
DEOUST,10,http://www.trema-multitechnique.com,M. LOUIS
AFMD3,10,http://www.ellisphere.fr,D. DIDIER
DIFLOMAD,10,http://www.ellisphere.fr,D. DIDIER
AFLOMAD,10,http://www.corporama.com,D. D\'HYEVRE
medef aube,10,,d. duchene
AUTO-ECOLE LE CYGNE,10,http://www.auto-ecole-le-cygne.fr,A. LE CYGNE
ICOA FRANCE,10,http://www.icoa-france.com/,J. PALMERINI
GAMBA ET ROTA,10,http://www.gamba-rota.fr/,A. GAMBA
TCP DISTRIBUTION,10,https://www.tcp-troyes.com/fr/,M. TSCHUUPP
5RM,10,http://www.5rm.fr/,J. Moréra
SERAPHIN,10,https://seraphin.be/fr,X. lOMBARD
STTI,10,http://www.stti.fr/,R. CYRIL
TRANSPORTS DE L'AIN,10,http://www.transportsdelain.fr/,o. wehrlin
FNATH CENTRE-EST,10,,G. FNATH Centre'Est
DJP FORMATION SECOURISME INCENDIE,11,,j. DUVIVIER
le comparateur auto,11,https://www.lecomparateur-auto.fr,P. sassaro
inessens,11,https://www.inessens.fr/fr/,l. martinez
LANGUEDOC CHIMIE,11,http://www.languedoc-chimie.com/,J. RONTES
ACIOME-SOLUTION,11,https://www.aciome-solution.fr,R. LATGER
BHBJ TRANSPORTS,12,,H. BELGHORZI
GINET COURTAGE D'ASSURANCE,13,http://www.ginet-courtage.fr,P. GINET
ONET,13,http://www.groupeonet.fr,D. GASQUET
ECF,13,http://www.ECF.ASSO.FR,B. Garancher
TECHNIPIPE,13,http://www.technipipe.com,C. CLOUET
GEL GROUPE,13,http://WWW.gelgroupe.fr,J. Nadjari
air de conduite,13,http://www.airdeconduite.com,d. bouville
SN SMTM,13,http://www.snsmtm.fr,J. MARINO
centaure provence mediterranee,13,http://www.provence-mediterranee.centaure.com,L. domon Laurence
ctm,13,http://www.ctm.com,l. LANDI
GTR VITROLLES,13,http://www.perrenot.fr,M. DALI
RUBAN ET COMPAGNIE,13,http://www.rubandco.com,L. RUBAN
Azur Evasion,13,http://www.azur-evasion.com,P. Rocca
MARSEILLE COURSES,13,http://www.marseillecourses.com,E. RIVIERE
norauto aubagne,13,http://www.norauto.fr,T. LE BIHAN-LEROUX
POUJAUD,13,http://www.poujaud.fr,g. de stabenrath
AXIANS Moblie Mediterranee,13,http://www.axians.fr/fr/,j. campodarbe
BAUDIN CHATEAUNEUF DERVAUX,13,http://www.bcdervaux.com,R. CLEMENT
GROUPE CANAVESE,13,http://WWW.CANAVESE.FR,B. DURAND
axians fibre mediterranee,13,http://www.axians.fr,o. MALARA
SOCIETE DU CANAL DE PROVENCE,13,http://www.canal-de-provence.com,F. BONNADIER
DRAG AUTO PUB,13,http://www.pascaldragotto.com,P. DRAGOTTO
Cegelec Nucleaire SUD EST,13,http://www.actemium.fr,V. PEYRIERE
CARSAT Sud-Est,13,http://www.carsat-sudest.fr,V. VERLHAC
CMA CGM,13,http://www.cma-cgm.fr,E. TARRAZI
AUTOMOBILE CLUB DE PROVENCE,13,http://www.automobileclubprovence.com,J. FABRE
Wooxo,13,http://www.wooxo.fr,L. D'URSO
Sarl CLICT,13,http://www.sunexpress13.com/,N. LAURENCIN
Altersis Groupe,13,http://www.altersis.com,G. puech
Srp auto,13,https://www.facebook.com/srp.auto.13/,S. LAPIS
Caisse d'allocations familiales Bouches-du-rhône,13,http://www.caf.fr/,j. soureillat
DIRECCTE,13,http://paca.direccte.gouv.fr/,P. Maddalone
Régie DES transports métropolitains,13,http://www.rtm.fr/,P. REBOUD
ALLIANCE EXPERTS,13,http://www.alliance-experts.com/,F. Mondello
GROUPE ORTEC,13,https://ortec-group.com/,A. EINAUDI
Prado Consulting ,13,http://www.prado-consulting.com/,F.GAYRAUD
Olythe,13,https://www.olythe.io/,G. Nesa
TEPM,13,,C. GOUTENOIR 
compagnie commerciale provencale,13,,a. baldini
ALLIANCE EXPERTS,13,http://www.alliance-experts.com/,F. MONDELLO
SY-GRAH Logistics,13,,A. SEYE
Carius,13,https://carius.fr/,J. Augerat 
FRANCE STAGE PERMIS,13,https://www.francestagepermis.fr/,V. GRAS
NGE,13,https://www.nge.fr/,J. CANTATORE
Association A.F.A.H.,13,https://www.afah.fr/,X. BRUNET-DEBAINES
TRUST TRANSPORT SERVICES TTS,13,,A. KERCHAOUI
CLINIQUE CHANTECLER,13,https://www.clinique-chantecler.com/fr/,M. FOURNIES
SDIS13,13,https://pompiers13.org/,R. MALLIE
DG INVENTAIRES,13,https://www.dginventaires.fr/,W. GONZALVEZ
MALHERBE TRANSPORTS,14,http://www.malherbe.fr,A. LEFEVRE
jk speed trans international,14,,j. venancio
jenoptik Industrial metrology,14,http://www.jenoptik.com,J. Thomas
SOMBOX,14,http://www.sombox.fr,Y. BUET
NORMANDIE LOGISTIQUE,14,http://www.normandielogistique.fr,A. VINOUSE
C'Permis Centre de formation,14,http://www.cpermisformation.com/,E. Denis
TOUTENVELO CAEN,14,https://www.facebook.com/ToutenveloCaen/,E. DECLERCQ
Centre hospitalier de la cote fleurie,14,http://www.ch-cotefleurie.com/,y. Jezequel
POLYCLINIQUE DE DEAUVILLE,14,https://www.cliniquedeveloppement.fr/polyclinique-de-deauville,T. DE LA BOURDONNAYE
"A3H ""AGE D'OR SERVICES""",14,https://www.agedorservices.com/,D. VARLET
A3H TRANSPORTS,14,,D. VARLET
TRANSPORTS GERVAIS,14,http://www.transports-hautier.fr/,H. KARA
France Prévention ,14,,A. Jamard
L'Association des Accidentés de la Vie - FNATH.,14,,F. Calvados
FNATH Calvados Manche,14,,R. FNATH Calvados Manche
Keolis Bus Verts,14,https://www.nomadcar14.fr/fr/,S. GIRRE
KEOLIS BUS VERTS,14,https://www.nomadcar14.fr/fr/,M. LEMONNIER
VCRASH FRANCE,15,http://www.vcrash.fr,M. PUECH
Transports Normandin,16,http://www.transports-normandin.com,a. normandin
TRC SERVICES,16,,H. ROBION
Restaurant SOGERES MARTELL,16,http://www.sogeres.fr/,E. BARD
TSN PROPRETE,16,,G. GLORIAU
SAS ARNOUX AUTOPRESTIGE,16,https://www.arnouxautoprestige.com/,J-P. ARNOUX
MAJOR ISD,16,,V. TARISSA
Auto ecole cerrso,17,http://www.auto-ecole-cerrso.com,n. pouit
Atlantic conduite,17,http://www.atlantic-conduite.com,n. Pouit
GSI 17,17,http://www.gsi17.fr,J. Monteron
CPAM CHARENTE MARITIME,17,http://www.ameli.fr,C. DAUBECH
ORKYN,17,,C. LEBOT
Hubert Pelletier Services,17,http://www.chauffeurlarochelle.fr,H. Pelletier
record portes automatiques,17,https://www.record.fr,E. MOLLES-WINS
val de saone expertise,17,http://www.saone-expertise.fr/,f. berthet
TRANSPORTS RAPITEAU,17,http://www.rapiteau.fr/,X. LATORCE
HAUTIER REGION OUEST,17,http://www.transports-hautier.fr/,E. BOUY
TRANSPORTS DELAGE,17,http://www.transports-hautier.fr/,C. DELAGE
SAINT FIACRE,17,https://saint-fiacre17.fr/,B. Simonnet
SS2I SERVICES,17,https://www.ss2i-services.fr,C. SAUVION
OMNILUM,17,https://www.omnilum.fr,C. AZAMA
sctp-bourges,18,,M. MAROT
sctp-bourges,18,,M. MAROT
Prométhée Cher,18,,C. Petit
VAL DE BERRY OPH DU CHER,18,,P. RIGAULT
STU BOURGES,18,,M. ROUVIERE 
PREFACE,19,,R. BUISSON
SORECFER,19,https://getir.com/fr/,F. MARTINAT
EURL EST PUB,19,http://www.est-pub.fr,G. SMELTEN
SHEM groupe ENGIE,19,https://shem.fr/,L. DECAUX
MSA SERVICES LIMOUSIN SERVICE INFIRMIER,19,,K. BREUILH
Préfecture de la Corrèze,19,https://www.correze.gouv.fr/,S. SAA
ROCCA TRANSPORTS,20,http://www.rocca-transports.fr,V. BARRAU
AmSpec Morocco,20,http://www.amspecllc.com/,M. Taarabit
CRF du FINOSELLO,20,http://finosello.com/,R. FRANCOIS
APRR,21,http://www.aprr.com,P. NOURRY
TRANSDEV PAYS D'OR,21,http://www.transdevpaysdor.fr/,J. DUCHENE-LOMBARD
BRETZNER EXPERTISE,21,,S. BRETZNER
LE DOCUMENT NUMERIQUE,21,https://docnum.fr/,L. DELAPORTE
CABINET ANDRE GRIVEAUX,21,https://www.expert-griveaux.com,A. GRIVEAUX
UGECAM Bourgogne Franche Comté,21,https://www.ugecam-bfc.fr/,C. MARCOU
LABOCEA,22,http://www.labocea.fr,E. LAPORTE
EKINOPS,22,http://WWW.EKINOPS.NET,C. DAVID
CAPEB 22,22,http://www.capeb.fr/cotes-d-armor,c. liaigre
sdaec,22,http://www.sdaec.fr/,e. rault
Terralliance,22,http://www.terralliance.fr/,e. rault
Crédit agricole côtes-d'armor,22,https://www.ca-cotesdarmor.fr/,j. carillet
Radio ACtiv',22,http://www.radio-activ.com/,D. MORVAN
BRETAGNE 5,22,https://www.bretagne5.fr/,N. VILLALON-HAMON
LOCMARIA BISCUITS,22,https://www.locmaria.fr/,P. MAUNOURY
Cri de l'ormeau,22,https://www.cridelormeau.com/,C.DEOTTO
Chambre de commerce et d'industrie de la creuse,23,http://www.creuse.cci.fr,p. daly
HERBILLON ENERGIES,24,http://www.herbillon-energies.fr,T. GUEGUINIAT
SN DUVAL,24,http://www.snduval.fr,T. GUEGUINIAT
GIE QUALITE ENTREPRISES,24,http://www.giequalite.fr,e. VIGNE
SARL BOTON FRERES,24,,C. BOTTON
SARL S.P.P. Sécurité,24,,S. FRILEUX
FNATH DORDOGNE-CORREZE,24,,J. ACKER
Fédération Française du Bâtiment de la Dordogne,24,,J. Delage
General Hit Radio,24,https://www.generalhitradio.com,M. MORTAGNE 
FNATH 24,24,,A. FNATH 24-19-33
Centre de formation rudiponTain,25,https://m.facebook.com/C-F-R-1598920593707640/,S. Viotti
AFTC,25,http://www.aftc-bfc.fr,C. BOLOGNESI
CEGELEC EQUIPEMENTS DYNAMIQUES ROUTIERS,25,http://www.cegelec.com,J. WAGNER
Société fromagère de vercel,25,http://www.lactalis.fr,h. bulabois
Peugeot Motocycles,25,http://peugeot-motocycles.com/fr,C. SAMBUY
ENEDIS,25,http://www.enedis.fr/,K. BALMER
"Adapei du Doubs, pôle TIP, secteur Grand-Besançon",25,https://www.adapeidudoubs.fr/,T.DELHOZANNE
auto école BASTOS 2.0,25,,A. NGUYEN
CHOPARD GROUPE AUTOMOBILE,25,https://www.groupechopard.com/,E. CHOPARD
Association des Accidentés de la Vie - FNATH,25,,A. HEDJEM
Aquarius  RH,25,http://www.aquariusrh.fr/,M. Garnier
CAN,26,http://www.can.fr,C. MOSCATELLI
LPP - PERRENOT,26,http://www.perrenot.fr,L. PERRENOT
SNTV MONTELIMAR,26,http://www.perrenot.fr,M. DALI
jacky perrenot,26,,d. bertin
ACROPOSE,26,http://www.acropose.com,I. NOUAILLE-DEGORCE
Chalavan et duc,26,http://www.chalavanduc.fr,J. DUC
EURIAL SITE DE CREST,26,,T. FOISSEY
AJC MEDIAS / ALCOROUTE,26,http://www.alcoroute.com,j. chakir
Keolis Drôme Ardèche,26,http://www.keolis-drome-ardeche.fr,N. Mege
gaude entreprise,26,http://www.gaude.fr,o. CANOSI
MC PHY ENERGY,26,http://mcphy.com/fr/,G. WAGEMANS
Volkswagen Group France,26,https://volkswagengroup.fr/,T. Lespiaucq
Confiez-nous,26,https://www.confiez-nous.fr/,f. barjavel
FNATH Sud Est,26,,A. Armando
LES GENTLEMEN DU DEMENAGEMENT,26,https://www.gentlemen-demenagement.com/,S. DELAUNAY
LES GENTLEMEN DU DEMENAGEMENT,26,,S. DELAUNAY
Groupe Louis Mazet,26,https://www.mazet.com/,T. MAZET
ALPAK TRANSPORTS,27,http://WWW.ALPAK-transports.com,K. RIAZ
TRANS 2000,27,http://www.trans-2000.fr,L. BARRAUD
HIRSCH TRANSPORTS,27,http://www.hirsch.fr,B. HIRSCH
AXIANS FIBRE NORMANDIE,27,http://www.axians.fr,S. FROCARD
Sécuroutexpert,27,,j. pasquel
TECHNICONDUITE,28,http://www.techniconduite.fr,S. RAULT
CRISTAL UNION Etablissement de toury,28,http://www.cristal-union.fr,J. BROC
GEODIS CALBERSON EURE ET LOIR,28,http://www.geodis.fr,A. MAERGLEN
Groupe LEGENDRE FINances,28,http://www.legendre.fr,j. tanter
Les TRANSPORTS JUMEAU,28,http://www.transports-jumeau.com,P. METAIS
transports saunier et fils,28,,a. saunier
Société publique Locale Chartres Transports,28,http://www.filibus.fr,j. bertoluci
KEOLIS EURE-et-LOIR,28,http://www.keolis-eure-et-loir.fr/,R. KERLOC\'h
GROUPE la poste (Eure et loir),28,http://www.laposte.fr,D. RENVOISE
Peugeot citroen automobiles S.A.,28,http://www.groupe-psa.com,v. lalouelle
SCAEL,28,http://www.netagri.fr,P. Mare
ROY SAS,28,http://www.portail-cloture-roy.fr,J. FOUCAULT
etablissement courrier de chateaudun,28,,F. HERVOUET
transports d'EURE ET LOIR,28,http://www.transbeauce.fr,V. VILLELEGIER
BG ELECTRICITE,28,http://www.bgelec.fr/,L. GUILBAUD
Serenite conduite ,28,http://www.vroomvroom.fr,H. EL KHAL
TIB,28,http://www.tib.fr/,P. SANDRIN
Groupe Uniqo,28,https://uniqo.eu,J. NKOMBE 
VERLINGUE,29,http://www.verlingue.fr,D. MORO
CAMPUS CONDUITE,29,http://WWW.CAMPUSCONDUITE.FR,B. LEON
Actemium Brest,29,http://www.actemium.fr/,O. SANQUER
CSO,29,http://www.cso.sonepar.fr,N. JACOPIN
SWM PDM INDUSTRIES,29,http://www.swmintl.com,J. LANDREIN
GROUPE EVEN,29,http://www.groupeeven.fr,M. BERNARD
MERALLIANCE (THAI UNION),29,https://www.meralliance.com/fr/notre-expertise/notre-politique-r-s-e,j. sepeau
chemins du patrimoine en finistere,29,http://www.cdp29.fr,P. IFRI
e-ManRisk,29,http://www.emanrisk.fr,D. Constans
ec f roudaut,29,http://www.ecf-roudaut.com,G. ROUDAUT LE PABIC
EAu du ponant spl,29,https://www.eauduponant.fr/,m. dufournaud
GROUPE TELEGRAMME,29,https://www.groupe-telegramme.com/,E. COUDURIER
Référence Expertise bretagne,29,http://www.ref-conseil.fr/,E. Caudan
Sodexo -IFAC,29,,j. FREITAS
ETT - Energie Transfert Thermique,29,https://www.ett-hvac.com/,E. HERVE
APAVE,29,https://www.apave.com/,F. EUGENI
APAVE agences Brest et Quimper,29,http://www.apave.com,F. EUGENI
Groupama Finistère,29,http://www.groupama.fr,JM. BERTHOU
Association Don Bosco,29,http://www.donbosco.asso.fr,R. BERNEZ
Sarl HBP Conduite,29,https://www.city-zen.info,H. BIHAN-POUDEC
Editions Gisserot Diffusion,29,,T. CHATTARD-GISSEROT
CAMPUS CONDUITE,29,,B. LEON
SARL EDUCATION A LA ROUTE,29,https://www.ifsr.fr,J. VIGOUROUX
Evel'Up,29,,P. LE GOUX
TRANSPORTS FREMY,29,,A. DROGOU
SOCOTEC EQUIPEMENTS BRETAGNE,29,https://www.socotec.fr/,G. LE FRANC
CEPI,29,https://www.cepi-peinture.com,J. PINEL
Batir conseils,30,http://www.batirgroup.fr,C. Fournier
lnj transports,30,,E. el moujahid ouafik
Groupe D&S,30,http://www.ds-groupe.fr,J. FEJA
Airbus,31,http://www.airbus.com,F. Brégier
SYSWEB,31,https://www.sysweB.fr,D. BOURDAIS
Marko ecomobilite,31,http://www.markopilot.fr,r. surre
labatut group,31,http://www.labatutgroup.com,d. dossat
Auto école les marais,31,http://www.autoecolelesmarais.fr,r. desnoyers
AMPM ARCHITECTES,31,http://www.concevonsnotretemps.fr,P. MERZ
TRANSPORTS LASSALLE,31,http://www.transports-lassalle.fr,V. LASSALLE
JARDEL SERVICES,31,http://www.jardeltransport.com,D. GOINEAU
SARRAZAIN Transport,31,http://www.sarrazain.com,L. SARRAZAIN
AMPLITUDES,31,http://www.amplitudes.com,J. MARTINEZ
TRANSPORTS ALAIN BARRAU SARL,31,,A. BARRAU
TRANSPORTS PYRENEES COMMINGES,31,http://www.transports-dufaur.com,F. SCHAWLB
SDTL SAS,31,http://www.transports-sdtl.com,l. QUEGUINER
Alloza Courses Express,31,,T. HARDY
AXIANS MOBILE MIDI PYRENEES-SANTERNE TOULOUSE,31,http://www.axians.com,S. TARIS
AXIANS PYLONES SERVICES FRANCE,31,http://www.axians.fr,X. NAUDIN
MD TRANSPORTS MULLER,31,http://mdtransportsmuller.com/,F. Muller
Cemex granulats Sud Ouest,31,http://www.cemexfrance.com,M. Seck
santerne toulouse,31,,J. scherrer
A+Glass France,31,http://www.reseau-aplusglass.com,n. perez
autocars alternative tourisme,31,,l. castlla
Continental,31,https://www.continental-corporation.com/fr-fr,A. JOUIN
spie sud-ouest,31,http://www.spie.com/,A. LANGLAIS
Ass RD1 Victimes,31,,C. Barbin
Minute auto,31,http://minute-auto.fr/,T. OLIFIRENKOFF
Assurance Auto pour résilié,31,https://assurance-auto-pour-resilie.com/,T. OLIFIRENKOFF
Abeilles,31,http://www.abeilles.com,C. Molinari
TFE Electronics,31,https://www.meggitt.com/,E. FLAMANT
VERT EMERAUDE,31,http://www.vert-emeraude.fr/,F. MOULIN
SHEM Societe Hydro-Electrique du Midi,31,http://www.shem.fr/fr/,P. CHAMBON
MI-GSO,31,https://www.mi-gso.com/,J. SOULA
Liberty Rider,31,https://liberty-rider.com/,M. Clary
CC Pyrénées Haut-Garonnaises,31,http://www.cc-pyreneeshautgaronnaises.fr/,L. Payot
ATS SANTE SUD OUEST,31,http://www.atseurope-express.com/,L. CHAVAROCHE
RTE,31,http://www.rte.fr/,P. BRINGER
Quel Assureur,31,https://quel-assureur.com/auto/,T. Olifirenkoff
Eurécia,31,https://www.eurecia.com/,H. Le Guillou
SARL Transports alain barrau,31,,c. barrau
Cpam de la haute-garonne,31,,m. davila
auto-école SHALNE 2.0,31,,S. MENVILLE
ICEF,31,https://www.icef-isolation.com/,R.FRACHISSE
ECI ( Européenne de Consommables Informatiques),31,http://www.eci-solutions.fr,J. DAHAN
LSI,31,http://www.ligneservice.com/,l. pujol
TM SAFETY,31,https://tmsafety.fr/,T. MARIN
MERVILLE OCCITANIE,31,https://www.facebook.com/VTC.TOULOUSE.Moccitanie/,S. Malhouroux
Confluences IT,31,https://confluences-it.com/,L. DELAPORTE
SPIE CityNetworks,31,,P. DROUET
QUILLAN Services,31,,S. MEUNIER-DEVILLON
cargo NOVELI,31,,M. Bollé 
FNATH GRAND SUD,31,,F. VIROL
DISTRIBUTION FRANCE LIVRAISONS,31,,C. BENSOUICI
ACE Midi-Pyrénées,31,,T. LABOURDETTE
PREVALY,31,https://www.prevaly.fr,S. MICOUD
C2F,31,https://www.setvf.com/membre/c2f/,S. SADI
Groupama d'Oc,31,https://www.groupama.fr/,E. VITROGNE
SHEM,31,https://shem.fr/,C. Delprat
SETOM,31,http://www.setom.fr/,L. Vermeulen
CARRIERES VIALLET,32,,P. VIALLET
LAMARTINE Construction,32,http://www.lamartine-construction.com,p. LAMARTINE
DESCREAUX SAS,32,http://www.descreaux.fr,C. DESCREAUX
TRANSPORTS THEVENET,32,,E. THEVENET
transports lacassagne,33,http://www.lacassagne33.com/,d. real
Dev6Group,33,http://www.dev6group.fr,J. capel
aegide international,33,http://www.aegide-international.com,a. bourdon-feniou
SAEM,33,http://www.saem-electricite.com,E. MASSON
SARL AMBULANCES BOURGEOT,33,http://www.ambulances-bourgeot.fr,j. bourgeot JEAN FRANCOIS
gt logistics,33,http://www.gt-logistics.fr,B. LEGOUEIX
TRANSPORTS BOUEIX,33,http://www.boueix.fr,O. BOUEIX
E-transports,33,,L. El Bouhali
Asri,33,,N. Asri
TRSO,33,,T. ULRICH
Autocare,33,http://www.autocare.fr,m. xavier
ATLANDES,33,http://www.a63-atlandes.fr,O. QUOY
Bluecub,33,http://www.bluecub.eu,F. Facomprez
FEU VERT FORMATION,33,http://www.feu-vert-formation.com,t. guinot
CD TRANS,33,http://www.cd-trans.fr,P. BAFFOIGNE
association maison sécurité routière aquitaine,33,http://www.amsra.fr,J. serres
sylvie monnot,33,,s. monnot
Ambulances portmann,33,http://ambulances-portmann-bordeaux.com/,M. ABED
bassin controle technique gujan,33,http://www.autosur.com,e. lajoinie
Auto moto ecole clerteau,33,http://www.autoecoleclerteau.fr,M. Clerteau
E-SCOOT,33,http://www.getyugo.com/bordeaux,O. AUREILLE
Amandine Brunet,33,http://www.abdieteticienne.fr,A. BRUNET
Il était une fois ...la fête,33,,l. vandersnickt
MAPCLIM,33,https://www.mapclim.fr/,F. TOJAGIC
Cercle Des Coiffeurs createurs de gironde,33,,a. Doriac
COLLEGE LESTONNAC,33,https://www.college-lestonnac.com/,F. BEGARDS
Comité de Gironde de Cyclisme,33,https://www.ffc33.fr/,Y. Monribot
SODEXO,33,https://www.sodexo.com/home.html,J. CAZANOBE
CONFIEZ NOUS PODENSAC,33,,J. QUERRIEN
INOVANCE,33,http://www.inovance.com,V. PUJOLS
Forma'Route,33,https://forma-route.webnode.fr/,J. CHILLA
TIL EXPRESS,33,,L. MAHE
DEF ECHAFAUDAGE,33,,M. TERNISIEN
TIL EXPRESS,33,,L.MAHE
SCOPELEC,33,https://www.groupe-scopelec.com/,O. FERNANDEZ
Réseau C&S - City'Pro - City'Zen,33,https://city-pro.info/,P. PIERRE
Réseau City'Zen,33,https://www.city-zen.info/,D. PIERRE
Association PréventionS,33,https://preventions-asso.fr/,G. SARRAILHA
association APIPAF,33,http://www.apipaf,B. LAMBERT
Groupement Sécurité Motard,33,http://www.gsmotard.fr/,H. LOUAIL
TRANSPORTS VEYNAT,33,http://www.veynat.com/,F. LANAU
COMPAGNIE IMMOBILIERE DE RESTAURATION,33,http://www.groupecir.com/,F. LARRERE
Auto-école du Lac,33,https://www.autoecoledulac.net/,c. chabanne
Expertise Auto Conseils,33,,O. Mourlanne 
delta pronatura France,33,,C. LE METAYER
id. de ville,33,,S. Boime
COLISEE FRANCE,33,,A. Péchinot
EI JP FAUCHE,33,,R. FRANCOIS
SECURIVEUR,33,https://securiveur.com/,J. DELIMA
INORIX,33,http://www.inorix.fr,P. BEAL
UGECAM Aquitaine,33,https://www.ugecamaq.fr/,P. CHAUSSEE
VINCI Facilities Tertiaire Aquitaine,33,https://www.vinci-facilities.com/,R. MOREAU
LEGISTIA PERIER CHAPEAU & Associés,33,https://www.perier-avocat.fr/,P. CHAPEAU
LA MARSEILLANAISE,34,,M. LA
dabec sas,34,,f. escarguel
groupe chauvin,34,http://www.group.chauvin-arnoux.com,d. chauvin
fntr auvergne,34,http://www.fntr.fr/auvergne,a. lassalle
TRANSPORTS MOULINOIS,34,http://www.transports-moulinois.com,P. LEGRAND
TRANSPORTS BOURRAT,34,http://www.groupe-bourrat.fr,A. PLANQUES
TRANSPORTS CHILA,34,,A. CHILA
transports chila,34,,t. crapart
LECLERC SCA CENTRE - Avermes,34,,J. OGER
NICOLLIN SAS,34,http://www.groupenicollin.com,N. GELIS
Transgourmet centre eSt,34,,P. Jaboin
IBTEX,34,,n. baghdouche
PREVENKIT,34,http://www.prevenkit.fr,P. WEISS
EDISER,34,http://www.ediser.com,X. CONSORTI
HORIBA Medical,34,http://www.horiba.com,C. DARS-DENISE
AIPALS,34,http://www.aipals.com,F. BONNET
CARFICS,34,http://www.carfics.com/,M. KHLOUF
PILOCAP.FR,34,http://WWW.FORMATION-PILOCAP.FR,J. PILOT
NICOLLIN,34,http://www.groupenicollin.com/,p. SAS
VORTEX,34,http://www.vortex-mobilite.fr/,M. CHaBOY
MIDI TRANS EXPRESS LOGISTIQUE,34,,F. BOMOURRA
Region Occitanie,34,https://www.laregion.fr,F. DEZAEL
IB TRANSPORT EXPRESS,34,,N. BAGHDOUCHE
Littoral Transdev Occitanie,34,,A. DEBABI
SECURIDER,34,https://www.securider.fr,L. Santucci
SAS TRANSPAUMANCE,34,http://www.tphl.fr/,H. LAMARQUE
Toineu et lulu,34,,a. loeb
APROPO,34,,T. CALDIRONI
UGECAM Occitanie,34,https://www.ugecam-occitanie.fr,S. DEMARET
aber formation,35,http://www.ABER-FORMATION.COM,x. riou
CONVIVIO,35,http://WWW.CONVIVIO.FR,G. RENOU
Ozone,35,http://www.eco-formation-ozone.fr,J. Clairon
TRANSPORTS ORAIN SAS,35,http://www.transports-orain.fr,S. ORAIN
TRANSPORT FULL-FAST,35,http://www.full-fast.fr,E. BOISSERAND
GRARD TRANSPORTS,35,,J. GRARD
bretagne structures logistic,35,,g. brousse
AXIANS RAIL OUEST,35,http://www.axians.fr,B. PREVOST
ECF JAUNAY,35,http://www.ecf.asso.fr/,A. JAUNAY
RETIS,35,http://www.retis.fr/,Y. LE CORRE
SociEte robert chevillard,35,,C. TaLarmin
DIARBENN SOLUTIONS,35,http://www.diarbennsolutions.fr,N. MORIN
ACTEMIUM RENNES AUTOMOTIVE,35,http://www.actemium.fr,V. CHAINTREAU
S.R.T.P.,35,,E. VINCENT
BARTHELEMY,35,http://www.barthelemy-avocats.com,E. VINCENT
PIGEON ENTREPRISES,35,http://www.groupe-pigeon.com,S. PIGEON
DUVAL ETANCHEITE,35,http://www.ffb-vitre.fr/entreprise/duval-etancheite/,a. DUVAL
Avenir prevention,35,http://www.ap.com,g. guillou
EIFFAGE ENERGIE SYSTEMES,35,http://www.eiffageenergie.com,C. COIPEL
Eiffage energie systemes - CLEMESSY,35,http://fr.clemessy.com/,P. GUEDON
AGROMOUSQUETAIRES,35,http://www.mousquetaires.com/agroalimentaire/,B. SACHET
Groupe Danger,35,https://www.groupe-danger.com/,f. DANGER
Département d'ille-et-vilaine,35,http://www.ille-et-vilaine.fr/fr,Y. WOLKEN
chaplain sas,35,http://www.chaplain.fr/,j. ledeme
EIFFAGE ENERGIE SYSTÈMES - MAINE BRETAGNE,35,https://www.eiffageenergiesystemes.com,Y. BUNEL
Groupe GUISNEL,35,http://www.guisnel.com/fr,A. DUFOUR
CITEOS Rennes,35,https://www.citeos.fr/,K. beyer
LibR,35,http://www.1voiture1emploi.fr/,J. BIZIEN JAGLIN
lucitea ouest,35,,k. bengu
SADE-CGTH DR OUEST,35,http://www.sade-cgth.fr/,A. GUILLOTEAU
ARCCR Formation,35,https://www.arccr.com/,y. le marie
SANTERNE BRETAGNE,35,,A.GASNIER
Groupama Loire Bretagne,35,https://www.groupama.fr/web/lbr/groupama-loire-bretagne,J-Y. PRIGENT
Self Signal ,35,https://www.selfsignal.fr/,J. JEGO
YL Communication,35,https://www.stage-recuperation-point-permis.fr,Y. Legris
Syfadis,35,https://www.syfadis.fr/,D. Laurent
SDIS d'Ille et Vilaine,35,,E. CANDAS
TRANSPORTS LEON BERTIN,35,,A. BERTIN
CERFRANCE BROCELIANDE,35,https://www.cerfrance-broceliande.fr/,G. Pellois
rtm,35,,A. Sauvée
Transports Deschatrettes,36,,j. gallaud
gaec du crofondu,36,,t. monjoint
gaec crofondu,36,,T.MONJOINT
Gaec Crofondu ,36,,T. MONJOINT
FAM Résidence Algira,36,https://www.fam-algira.com,S. LACOU
PEAKEXPERT,37,http://www.peakexpert.com,n. LONGIERAS
BULLS MARKET GROUP,37,http://bullsmarket-group.fr/,F. MILLIAT
CHALLENGE TRANSPORTS,37,http://www.challenge-transports.fr,C. DELOMENIE
VAN DELIVERY SERVICES,37,,M. RANOELIARISON
Keolis Touraine,37,http://www.keolis-touraine.fr,R. Debost
XPO Logistics,37,https://www.xpo.com/,K. AUPERE
La Nouvelle République du Centre Ouest (groupe),37,https://www.lanouvellerepublique.fr/,L. MERCADAL
sas m2jf,37,,S. mathieu
BARBOT CM,37,https://barbot.fayat.com/,m. serrano
suivideflotte.NeT,37,https://www.suivideflotte.net/,G. DE BEJARRY
CENTRE AUTO-ÉCOLE,37,https://www.auto-ecole-tours.eu/,G. SERRE
Autobondeal,37,http://www.autobondeal.com,F. BIANGO
CETUP,38,http://www.cetup.com,T. DE LA ROCHETTE
QUALIT-EXPRESS,38,http://WWW.QUALIT-EXPRESS.COM,E. HELD
KLS Logistic Systems,38,http://www.kls-logistic.fr/fr/,G. GARCIA
AGDUC,38,http://www.agduc.com,P. MARECHAL
SYNERGIE ENGINEERING,38,http://www.synergie-eng.com,M. MONTAGNER
SARL SEMONSAT FILS,38,,j. SEMONSAT
CERI,38,http://www.CERI-AUTO-ECOLE.FR,F. BILLET
Le P'tit Dépanneur,38,http://www.leptitdepanneur.fr,h. Collas
HNI TRANSPORTS,38,,O. HACHANI
SPEED'ALPES TRANSPORTS,38,,A. HABIB
SKS TRANSPORT,38,http://www.sks-transport.fr,S. KERKOUB
Keolis Porte de l'isere,38,,m. roman
Keolis Le Train bleu,38,http://www.autocars-le-train-bleu.com,F. THERY
Com'Unique,38,http://groupe-com-unique.com/,F. DUFOUR-FERRARA
VINCI Facilities Dauphine savoie,38,http://www.vinci-facilities.com,g. challe
Britvic France,38,http://www.britvic.com/,e. Jeanningros
Géolithe,38,http://www.geolithe.fr/,L. Meignan
TRANSPORTS SAINTHON,38,http://www.transports-sainthon.fr,D. SAINTHON
euromaster,38,https://www.euromaster.fr/,M. Chardin
GROUPE DEGAUD,38,http://www.groupe-degaud.com/,D. LEICHTNAM
My Easy code,38,https://myeasycode.fr/,n. LOMBARDO
CENTAURE,38,,C. SIMON
cetup,38,https://www.cetup.com/,J. CAPOSSELE
SARL TELECOM RHONALPIN,38,,F. BERGER
walraven,38,,c. barbet
FNATH 38 association des accidentés de la vie ,38,,L. GHISOLFI
ESHAG ABDALLAH,38,,A. ESHAG ABDALLAH
GROUPE SEMCO,38,,B. ARVIS
Nouvelle Route,38,,O. DUVERT
Transports Perrier,39,https://www.transports-perrier.com/,C. Jeannin
TRANSPORTS OBERSON,39,https://www.transports-oberson.com/,Alain Stéphane Oberson
Auto-école Jura Sud,39,https://autoecolejurasud.autoecoles.site,B. Hieyte
Mairie de Charchilla,39,,C. Bénier-Rollet
Mairie d'Orgelet,39,http://www.orgelet.com/,J. Duthion
CL Jura Groupe Coquelle,39,http://www.coquelle.pro/,S. Julliard
Commune de Moirans-en-Montagne,39,http://www.moiransenmontagne.fr/,G. LONG
Actemium Moirans Automation,39,https://www.actemium.fr/entreprise/actemium-moirans-automation/,N. Bourcier
S3,39,https://s3-soccer-field.business.site/,M. Benlarbi
Cité Jeune,39,,M. Benlarbi
Diager,39,https://www.diager.com/,F. Defougeres
SAS OXIBIS GROUP,39,https://www.oxibis.com/fr/,J. Colin
Diager Industrie,39,https://www.diager-industrie.com,F. Defougeres
Microbat,39,https://microbat.site-solocal.com/,F. Defougeres
VILLE DE CHAMPAGNOLE,39,http://www.champagnole.fr/,G. SAILLARD
Mairie de Saint-Claude,39,https://www.saint-claude.fr/,J. Millet
Jeantet Elastomères,39,https://www.jeantet.com/,B. Jeantet
Bonglet SAS,39,https://www.bonglet.fr/,H. Bonglet
Smoby Toys,39,https://www.smoby.com/fr/accueil/,A. Delorme
LIGUE CONTRE LA VIOLENCE ROUTIERE,39,http://www.violenceroutiere-jura.fr/,m. Guillemin
Champa auto-école,39,https://www.champaautoecole.com/,Jérémie Guyard
vermilion energy,40,,d. Kerwin
GIACOMIN ET FILS,40,,D. GIACOMIN
KEOLIS GASCOGNE,40,,L. carles
SAS DISTRILAND,40,,J. DUPEYRON
Auto ecole pyramides,40,http://www.cerpyramides.com,F. Moine
SOPRAVEM,40,http://www.groupe-daniel.fr,J. DANIEL
STEF transport saint-sever,40,http://www.stef.com,s. lahitte
CARRIERES LAFAGE,40,http://www.groupe-daniel.fr,J. DANIEL
EGIS EXPLOITATION AQUITAINE,40,http://www.egis.fr,R. LENGRAND
FEDERATION ADMR DES LANDES,40,http://www.admr.org,A. LUCAS
ENEDIS,40,http://www.enedis.fr/,C. BASQUE
Saint-Geours AUTO-ÉCOLE,40,https://www.saintgeoursautoecole.fr/,L. Goncalves
Transdev du Marsan,40,https://bustma.com/fr/,S. CHEVAL
CHEZ VINCENT,40,https://www.chezvincent.fr/,s. Gistain
GALVASTEEL,40,https://www.galvasteel.com/,J. RACINE
ECO-DRIVE PREVENT',40,http://www.eco-drive-prevent.fr,P. DESJACQUES
Groupe Roy,40,,A. Le Bihan
SAS ECO-DRIVE-PREVENT,40,https://eco-drive-prevent.fr/,P. DESJACQUES
TRANSPORTS RESANO,40,http://www.transports-hautier.fr/,D. GIACOMIN
Maé conduite,41,http://www.mae-conduite.com/,a. moreau
TRANSPORTS BRUNO ROBERT,41,http://www.info-bob.com,Y. SALINGUE
transports laurent navarre,41,,l. navarre
CHIESI SAS,41,https://www.chiesi.fr/,J. FERREIRA
Le Sucre au Safran,41,http://www.lesucreausafran.fr/,S. BERNET
ONIS Contrôles,41,https://www.onis-controles.com/,T. SCHULZ
sas larose,42,,e. larose
SAPCIE,42,,A. BELIME
ACTEMIUM ROANNE CONNECTIQUE,42,http://www.actemium.fr/,C. LASNE
TRANSPORTS CHAZOT,42,http://www.chazot-transports.fr,S. CHAZOT
SANTERNE SURFACES COMMERCIALES,42,http://www.santerne-centre-est-energies.fr,J. RASCLE
Groupe casino,42,http://www.groupe-casino.fr,F. Georgin
commune de Revest saint Martin,42,,N. Curnier
transports pihen rhone-alpes,42,http://www.pihen.fr/,p. pihen
FNATH 42-43,42,,R. BIANCHIN
FNATH Association des accidentés de la vie,42,,N. HERRERO
FOREZIENNE MFLS,42,https://www.forezienne.com/fr/,I. BLACHON
AC Environnement,42,https://www.ac-environnement.com/,D. Mora
SES,43,http://WWW.SES43.FR,J. Grail
DEVILLE RECTIFICATION,43,http://www.deville-rectif.com,P. PEYRACHE
Taxis graille,43,http://www.taxis-graille.fr,e. graille
Groupe mcc concepteur de fermetures,43,http://www.groupemcc.com,J. CHALAYE
Fromagerie de Beauzac,43,,P. SOULIE
PEM,43,http://www.pem.fr,P. THIVAT
gel 43,43,http://www.krill.fr,m. perbet
Bonnasabla,43,http://www.bonnasabla.com,w. gorsse
établissements Sainte-Marie Haute-Loire,43,http://www.ahsm.eu,V. Mourier
Sabarot Wassner,43,https://www.sabarot.com/,G. Marin
Extreme securite,44,http://www.extreme-securite.com,j. tertrin
SERIS,44,http://www.seris.fr,A. JAMET
Editions Nationales du Permis de Conduire,44,http://www.enpceditions.fr/,Y. PAINSAR
SERENITY DRIVE,44,http://www.serenitydrive.fr,C. Janvier
LOca- OUEST,44,http://www.loca-ouest.fr/,a. hollande
INVIVO Consulting,44,http://www.invivo-consulting.com,r. feidt
XPO VOLUME OUEST,44,http://www.xpo.com,G. HARDY
EBTRANS,44,,B. DURAND
AGIROUTE - Prévention des Risques Routiers,44,http://www.agiroute.com,j. André
essentiel&domicile,44,,d. chiffoleau
Loss control centre france,44,http://lccf.fr,m. guerin
ARTS SYMBIOSE FORMATION,44,https://becomform.com,J. RIVIERE
Prematech Formation,44,http://www.prematech-formation.fr,J. Legoff
EIFFAGE ENERGIE SYSTEMES (DR OUEST),44,http://www.eiffageenergie.com,O. BARIL
AGIROUTE,44,http://www.agiroute.com,J. ANDRE
groupement inter entreprises grand ouest,44,http://www.giequalite.fr,e. vigne
Performance conduite,44,https://www.performanceconduite.com/,A. HOCHARD
L'Esprit Conduite,44,http://lespritconduite.fr/,n. priou
ST2s,44,http://www.st2s.fr/index.php,j. HOUYVET
NANTES METROPOLE,44,https://www.nantesmetropole.fr/,E. LEFRANC
AGIROUTE,44,https://www.agiroute.com/,J. ANDRE
TRANSECO,44,http://www.transeco-nantes.fr/,A. RAILLARD
CONFIEZ-Nous,44,https://www.confiez-nous.fr/,F. LALLOUE
CONFIEZ NOUS Nantes LA BEAUJOIRE,44,https://www.confiez-nous.fr/,S. Rambaud
elo energie,44,https://www.elo-energie.com/,F. GILLIER
SSTRN,44,https://www.sstrn.fr/,j. Viaud
Monamiligo,44,https://www.monamiligo.fr/,G. GUILLONNEAU
Monamiligo,44,https://www.monamiligo.fr/,G. GUILLONNEAU
GEOFIT GROUP,44,https://geofit-group.fr/,O. Deloumeau
tlr,45,http://www.tlr.fr,s. robinet
SARL ROUTE ATTITUDE,45,http://routeattitude.fr,R. HANCHIN
AGE D'OR SERVICES MONTARGIS,45,http://montargis.agedorservices.com,P. LECORCHE
TTEXPRESS,45,,E. Tachafine
EURL Transport Girault Express,45,,C. Girault
SICAP,45,http://www.sicap-pithiviers.net/,M. FAURE
Partnaire,45,http://www.partnaire.fr,P. GOBINET
sctp-lorris,45,,M. MAROT
AXEREAL,45,,S. RICHOMME
HONDA FRANCE MANUFACTURING SAS,45,,T. COMMEYRAS
CARS DUNOIS,45,https://www.carsdunois.fr/,J. VALEMBOIS
UGECAM Centre ALPC,45,https://www.ugecam-centre.fr/,E. RIVOIRE
Association de Santé au Travail du LOT (ASTL),46,http://www.astl.fr,D. SATGE
ANDROS,46,http://www.andros.fr,F. DELMAS
APIHA SAS,47,http://www.apiha.com,w. KRIEGER
autocars pascal,47,http://www.autocarspascal.com,p. pascal
SARL MITRANS,47,,M. DE SCHAEPMEESTER
SYNDICAT EAU47,47,http://www.eau47.fr,G. PENIDON
SARL HEBRAS GARCIA,47,,P. GARCIA
ASSO DES ACCIDENTES DE LA VIE FNATHGROUPEMENT47,47,,A. BURGAUD
soa expertises,47,,j. CAUMONT
NOVINTEL,49,,J. VALLERIE
TERRENA,49,http://www.terrena.fr,M. Vandoni
Enedis,49,http://www.enedis.fr,S. HAMARD
CEGELEC OUEST TELECOMS,49,,J. VALLERIE
LES CARGOCYCLES,49,,P. JOLLIVET
As'truc Editions,49,http://www.astruc.net,B. ROBIN
AXA ANSELME DE BULOIS,49,https://agence.axa.fr/pays-de-la-loire/maine-et-loire/angers/de-bulois-anselme,A. de BULOIS
KEOLIS ANGERS,49,https://www.irigo.fr/index.php,d. ROCHA
GROUPE TRANSPORTS VOISIN,49,http://www.voisin-services.com/,P. VOISIN
ISB,49,,P. AUBERT
Scania production angers sas,49,https://www.scania.com/fr/fr/home.html,K. Desgages
ASRE 49,49,https://www.asre49.com/,R. NICOT
LVR FLEET,49,https://lvrfleet.com,A. ROHEL
AUTO-ECOLE DE CORZÉ,49,https://www.autoecole-corze.fr/,G.ANCELLE
SARL M.DENEUX,49,,JF. DENEUX
COMMECA ANJOU,49,http://commeca.com/,o. huet
AP3R CONSULTING,49,,R. de La Ruelle
valerie Secher,49,,v. Secher
"FNATH, association des accidentés de la vie 49/53",49,,R. BARBOT
SAS Saumur Informatique,49,,C. BONACHE
AGENEAU GROUP,49,http://www.ageneau.fr/,A. NAULEAU
AGENEAU Transports,49,,A. NAULEAU
Groupe EVS,49,http://www.groupeevs.eu/,P. Lacroix
SITPO,50,,O. CIUBUCCIU
Objectif Prévention,50,http://www.objectif-prevention.fr,P. DEPREZ
FOUCHARD,50,http://www.fouchard.fr/,P. COLLETTE
CONFIEZ-NOUS,50,https://www.confiez-nous.fr/index.php,M. FERREIRA
Radio hag' FM,50,http://www.hagfm.com/,L. LOIR
Caisse des depots,51,http://www.caissedesdepots.fr,m. fenie
MSA,51,http://www.msa085155.fr,J. CARON
HABITAT ET TRADITIONS,51,http://www.habitatettraditions.fr,d. eloy
MAXIMO,51,http://www.maximo.fr,N. THIEBAULT
ACTEMIUM VITRY Process,51,http://www.actemium.com,M. HELL
EDSB,51,http://www.edsb.fr,M. PLATON
EDSB l'agence,51,http://www.edsb-lagence.fr,N. GALLICE
ALLAMANNO SAS,51,http://www.allamanno.com,V. ARIEY
champagne michel fagot,51,http://www.fagot.fr,o. fagot
ALLAMANNO SAS,51,http://www.allamanno.com,v. ariey
VIVESCIA,51,http://www.vivescia.com,J.-L. JONET
DISTRIFAST,51,,H. FEDIAS
AMPI,51,https://www.ampifrance.com/,a. benoit
SAS FERRY CAPITAIN,52,http://www.ferrycapitain.fr,M. PRUNIER
GROUPE CIF,52,http://www.ferrycapitain.fr,M. PRUNIER
CECA,52,,O. BEUVAIN
GORRON FRET,53,http://www.gorronfret.com,G. Malhomme
VISUAL AFFICHES,53,,C. BREHIN
HAUTBOIS SAS,53,http://www.hautbois.fr,J. FRAPIN
CCI MAYENNE,53,http://www.mayenne.cci.fr,P. DENIAU
SERAP INDUSTRIES,53,https://www.groupeserap.fr,f. roche
GRUAU LAVAL,53,https://www.gruau.com/,S. FAIRIER
MP 3 PLV,53,http://www.mp3plv.fr/,a. Marques da costa
GROUPE DMA AUTOCARS - DUPASQUIER,54,http://www.dupasquier.fr,J. MARGOUET
SOLVAY OPERATIONS FRANCE,54,http://www.solvay.com,F. OCTOZON
SOTRAMA,54,,J. Durand
MUST MULTISERVICES,54,https://www.must-multiservice.com,M. MOUCHOT
transdev nancy,54,,s. BERTRAND
CENTre VAUBAN FORMATION,54,https://www.vauban-formation.fr/,M. dahler
VOYAGES COUTAREL,54,,s. Coutarel
SOGETEC VIVIER,54,https://pluris-expertise.fr/,P. THYRARD
UGECAM NORD EST,54,https://www.ugecam-nordest.fr/,F. HUET
CARSAT NORD-EST,54,https://www.carsat-nordest.fr/home.html,E. GOUAULT
BERTHOLD SA,55,http://www.berthold-btp.com,p. Aurore
vignot sas,55,,r. vignot
IDEX Energies,55,http://www.idex-groupe.com,B. PERRIN
PEINTURES TONNES SAS,55,http://www.peintures-tonnes.fr,L. TONNES
Les chantiers du barrois (sas),55,,j. briat
Autocars et autobus toussaint sprl,55,http://www.voyages-toussaint.be,d. deneffe
SAS EUROVIA,55,,H. Noel
L'AUTO-ECOLE DU FAOUET,56,http://site.auto-ecole.org/109404,V. RENAULT
LARMOR CONDUITE AUTO-ECOLE,56,,J. LECOINTRE
Auto-école baden,56,http://www.autoecolebaden.fr,N. Becirevic
CECABROONS NA ALIOUEST,56,http://www.cecab.com,H. VASSEUR
SARL AUTO-ECOLE GRENIER P,56,,P. GRENIER
sarl madec henri,56,,s. madec
ziegler france,56,http://www.zieglergroup.com,j. pradel
TRANSPORTS GICQUEL,56,http://www.transports-gicquel.fr,D. GICQUEL
AUTO ECOLE PAUGAM,56,http://www.autoecolepaugam.fr,A. PAUGAM
FYM ACTION,56,http://www.fymaction.fr/,M. JAUNET
mairie de queven,56,http://www.queven.com,J. LE BORGNE
Pro 2 saisons,56,http://www.pro2saisons.com,y. lopez
VENETIS,56,https://www.venetis.fr/,P. VITORIA
ALMATRANS,56,,j. Mauguen
karine conduite,56,http://karine-conduite.fr/,k. jégoux
CONFIEZ-NOUS,56,https://www.confiez-nous.fr/,B. BONNET
CAT56 établissement CTM,56,https://morbihan.transdev-bretagne.com/,X. CLERY
FNATH Mobihan Finistère Loire Atlantique,56,,G. Hervé
Hill-Rom SAS,56,https://www.hillrom.com/,S. OLIVIERO
LINEVIA,56,,s. gasnier
HYDAC,57,http://www.hydac.com,D. Hoff
SODILOR,57,http://www.sodilor.fr/fr,a. decker valente
AXIANS MOSELLE NUMERIQUE,57,http://www.axians.fr,F. BOURGAIN
techniplast sas,57,http://www.techniplast-sas.com,S. HEMMER
AT7 Systeme,57,http://www.at7systeme.com,C. STABLO
SITRAL INDUSTRIE,57,http://www.sitralindustrie.fr,H. BALTAZAR
AT7 Systeme,57,http://www.at7systeme.com,C. AT7 SYSTEME
MCR,57,http://www.mcr-autom.com,N. TROUCHE
FRAMAFER,57,https://www.plassertheurer.com/fr/contact/europe/europe-france.html,N. HOERNER
sat france,57,https://www.sat-france.fr/,b. ANSELIN
ETHYLOBORNE SAS,57,,P. BORDIN
SAT FRANCE,57,https://www.sat-france.fr/,B. ANSELIN
FNATH 57 ,57,,C. Finet
METZGER,57,https://www.metzgerlorraine.fr,J. POULALLION
INSTITUT NATIONAL DE SECU ROUTIERE ET RECHERCHES,58,http://www.inserr.fr,C. DABRIGEON
SCDIS DE LA NIEVRE,58,,P. LAVOLE
Menuiserie COLIN,58,,a. COLIN
Groupe AEF,59,,P. DEWILDE
VINCI Energies France tertiaire NE & Secu incendie,59,http://www.vinci-energies.com,e. PLUMey
Ecole de conduite AUTO MOTO CYCLo BRazier paTrick,59,,P. brazier
TRANSPORTS CHUFFART,59,http://www.transports-chuffart.com,J. CHUFFART
TRANSPORTS DORCHIES,59,http://www.transports-dorchies.fr,G. DORCHIES
STL,59,,D. LEGRAND
STL,59,,D. LEGRAND
STPM,59,,P. MARTIN
TRANSACOMBI,59,,P. TEMBREMANDE
cabinet bataille,59,http://www.cabinet-bataille.fr,g. bATAILLE
demenagement legain,59,http://www.demenagementlegrain.com,D. GUILBERT
ENVOYE SPECIAL,59,http://www.envoye-special.fr,J. COLLET
AUTOMOBILE CLUB DU NORD DE LA FRANCE,59,http://www.autoclubnord.com,P. DUTRIEU
Auto-école #passeportconduite,59,http://www.passeportconduite.fr,Y. JOYEZ
CVP CREATIVE VISION OF PACKAGING,59,https://cvp-packaging.com/,A. LEHEMBRE
EDE CONSEIL,59,,E. DOBBELAERE
jouffroy formation,59,http://www.jouffroy-formation.com/,s. huyghe
ece-chermeux,59,,E. CHERMEUX
FUN CONDUITE,59,http://aefunconduite.fr/,M. Nunes
scp colbert auto-ecole,59,http://www.autoecolecolbert.fr/,t. doyelle terence
Auto ecole picolo,59,https://www.facebook.com/autoecolepicolo/,G. Verano
leader conduite,59,,M. chehih
FD AUTO ECOLE,59,,c. deffrennes
auto ecole du cartigny,59,http://www.auto-ecole-ducartigny.fr/,m. mhimidi
AUTO ECOLE STARTER,59,https://www.starter-autoecole.com/,N. VANDENBERGHE
N'JOY,59,http://www.njoy.fr,L. DUCHATEAU
ecole de conduite europeenne,59,http://www.autoecole-ece-dunkerque.fr/,R. lesaege
BASF AGRI-PRODUCTION,59,https://www.basf.com/fr/fr.html,P. BOUDIER
sas huyghe marcel,59,http://www.renovation-etsmarcel-huyghe.fr/index.php,o. callens
NETWORK POIDS LOURDS,59,http://network-express.com/,F. GRINE EL HANI
CIET Martial Jonvel,59,,R. Guitton
CEI,59,https://www.cei-dk.fr/,O. Danquigny
ECF,59,https://www.ecf.asso.fr/,S. DEBEER
ats rhone alpes,59,http://www.atseurope-express.com,l. chavaroche
ats sante nord,59,http://www.atseurope-express.com/,L. CHAVAROCHE
CARFIT,59,https://car.fit/,N. Olivier
PROXISERVE,59,,E. VAAST
COMPRESSOR PRODUCTS INTERNATIONAL,59,https://www.c-p-i.com,M.TCHERBAK
VIVA PERMIS,59,http://www.vivapermis.com/,G.HOTTE
EVRARD ISOLATION,59,,D. NUNNE
Quali-Corde,59,https://www.quali-corde.fr/,V. VIGREUX
HAUTIER REGION NORD,59,http://www.transports-hautier.fr/,A. MOUILLE
ECOLE DE CONDUITE DU FORUM,59,,A. BERNARD
BYJOWAY,59,,J. Sedjai
FNATH,59,,D. DEREGNAUCOURT
DI TRANS,59,,D. BENOUARET
EVRARD ISOLATION,59,,D. NUNN
SALTI,59,,J. guiot
MAAS,59,https://www.maas-bt.com/,J. MAAS
SAS CLINIQUE SAINT-ROCH,59,https://clinique-saint-roch.com/,M. GIRAUD
NORAUTO,59,https://www.mobivia.com/marque/norauto/,P. DHENNIN
GROUPE NETWORK ,59,https://www.network-express.com,F. GRINE EL HANI
SEBBAN TRANSPORTS,60,,I. SEBBAN
SOCIETE d'APPLICATIONS ROUTIERES,60,http://www.sar.fr/fr,i. VERRIELE
Ingénierie securite routiere,60,http://ingenierie-securite-routiere.fr/,a. gosda
Sud Oise conduite,60,http://sudoiseconduite.com,D. Bourdillat
pihen logistique,60,http://www.pihen.fr/,p. pihen
TRANSPORTS PIHEN,60,http://www.pihen.fr/,P. PIHEN
confiez nous saint maximin,60,https://www.confiez-nous.fr/,c. manguin
Cartonnage Turquet Bos,60,http://www.turquet-bos.fr/,O. DOUCY
SARL THERY TP,60,,S. THERY
Stve,60,,l. barbotto 
TANP,60,,+. +33776361649
societe transport vallée de l'esteron ,60,,l. barbotto
TRANSPORT AUTOMOBILES NICE PLAN DU VAR ,60,,T. BARBOTTO
Office Depot,60,https://www.officedepot.fr/a/bb/Fournitures-de-bureau/N=2+256/,G. de Feydeau
IDTAG,60,,M. Tarrade
ITC TRANSPORT,61,,t. EL ACHARI
EPLEFPA ALENCON SEES,61,http://www.alencon-sees.educagri.fr/,V. HEUDIARD
ERIC,62,,E. MACHET
Grands travaux industriels,62,http://www.gtifrance.fr,p. hayart
TRANSALINORD,62,http://www.transalinord.fr,P. TEMBREMANDE
TRANSPORT T.L.M.,62,http://www.transport-tlm.com,L. BONATI
stem,62,http://WWW.STEM06.FR,g. reynaud
kANGOOROUTE,62,http://WWW.KANGOOROUTE.FR,f. dechoz
TRANSALOG,62,,P. TEMBREMANDE
MAIN FORTE,62,http://www.main-forte.fr,e. dargent
TRANSMAIL,62,http://www.perrenot.fr,M. DALI
LOCA NORD TRANSPORTS,62,http://www.loca-nord.com,E. MACHET
Manpower,62,http://www.manpower.fr,P. Legrand
sarl transports duquesnoy,62,,h. duquesnoy
audo express,62,http://www.audoexpress.Fr,r. defrancq
SARL TSHYG EXPRESS,62,,J. RAKOTOJAONA
ADMR Nielles les blequin,62,https://www.62.admr.org/,y. lucas
SII SOPHIA ANTIPOLIS,62,http://sophia.groupe-sii.com/fr,S. NOLASCO
SII SOPHIA ANTIPOLIS,62,http://sophia.groupe-sii.com/fr,S. NOLASCO
STBE,62,http://www.stbe.fr/,M. HENNEBERT
ATS HENIN BEAUMONT,62,http://www.atseurope-express.com/,L. chavaroche
LUXANT GROUP,62,https://www.luxantgroup.com/,B. BAHLIL
Assuractis,62,https://assuractis.fr/,L. TANGHE
CHENELET,62,http://www.chenelet.org/,S. Charvet
Transports BRAY,62,http://transportsbray.com/,D. BRAY
alpha ,62,,f. bomy
Maif,63,https://www.maif.fr,D. Mahé
Driving Data to Intelligence,63,,j. de La forge
4g tECHNOLOGY,63,http://www.4g-technology.fr,H. GIRARD
HOMEMAX,63,http://WWW.HOMEMAX.FR,C. FILAIRE BLANQUET
Groupe funeraire dabrigeon,63,http://pompes-funebres-marbrerie-id.com/,d. dabrigeon
STAR,63,http://www.star-transports.fr,J. SANCHEZ
DAFY GROUPE,63,https://www.dafy-moto.com/,G. MARTINEZ
SIOULE SANCY INCENDIE,63,http://www.sioule-sancy-incendie.fr/,C. GRATADEIX
Mairie de DRAP,63,http://ville-drap.fr,R. NARDELLI
Constellium Issoire,63,https://www.constellium.com/,S. Géraud
GOMECANO,63,https://www.gomecano.com/,c. jamet
TRANSPORTS DOME DISTRIBUTION,63,,C. PRADEL
OVIANCE,63,https://www.oviance.fr/,B. ER-RACHCHAM
2B AERO MINERAL INDUSTRIES,63,,P. BARRAUD
sensiroute,64,http://www.sensiroute.com/,N. ROZES
SICOM,64,http://www.groupe-daniel.fr,J. DANIEL
Béton CONTROLÉ DU BÉARN,64,http://www.groupe-daniel.fr,J. DANIEL
dRAGAGES DU PONT DE LESCAR,64,http://www.groupe-daniel.fr,J. DANIEL
GROUPE DANIEL,64,http://www.groupe-daniel.fr,J. DANIEL
ESTIA,64,http://www.ESTIA.FR,M. CHARPENTIER
teréga,64,https://www.terega.fr,s. Bardery
PLCB,64,http://www.plcb-engineering.com/,A. LESCURAT
EURELEC,64,https://www.eurelec.org/,G. HOURCADET
Afis formation,64,,n. behocaray
Caralliance,64,https://caralliance.fr/,j. capdevielle
transports ETR,64,http://transport-etr.com/,m. pigot
Ovodis,64,http://www.ovodis.fr/,n. pychou
Bobion&joanin,64,http://www.bobionjoanin.fr/,o. Cascales
les thermes de salies-de-BÉARN,64,https://www.thermes-de-salies.com/,c. Manescau
transports abadie j.c,64,http://transports-abadie.fr/,s. abadie
Groupe apr,64,https://www.groupeapr.fr/,P. Cazes-Carrère
despagnet,64,http://despagnet.com/fr/index.html,p. despagnet
MONSIEUR VINCENT MARTINAT,64,https://vincentmartinat.com/,V. MARTINAT
Transports Etchemendy,64,https://www.transports-etchemendy.fr/,P-R. ETCHEMENDY
AAFS,64,https://www.aafs.fr/,B. TERUEL
GMT CONSEIL,64,https://gmt-conseil.fr/,P. TERQUEM
VOYAGES JUNQUA,64,,G. LOUSTAU
Ecole de conduite city-zen ocean,64,http://www.auto-ecole-anglet.com,T. METTLING
Du pays basque,64,,S. Brandeau
école de conduite du parc ,64,,J. DUFAU
FEDERATION DES MOTARDS DE FRANCE,64,,R. KAPPEL
FEDERATION DES MOTARDS DE FRANCE,64,,J. Guaquier
Medisafe,64,https://www.medisafe.fr/,V. Thillerot
MCC PEINTURES,65,,C. CANET
2 DTV,65,,f. LEROUX
ABC Vallée de Luchon,65,http://www.groupe-daniel.fr,J. DANIEL
Big mat-toujas et coll,65,https://www.bigmat.fr/,e. casteigbou
ARIES,65,https://www.aries-esthetique.com,P. ROSTANG
SMTD65,65,https://www.smtd65.fr/,P. BAUBAY
CACG,65,https://www.cacg.fr/,A. Moll
CFM Bouriette,65,,Gérard Bouriette
Union Pour l'entreprise 66,66,http://WWW.UPE66.com,w. soubirant
SARL BATLLORI TRANSPORTS,66,,A. BATLLORI
association LASER,66,http://www.francelaser.org,d. L.A.S.E.R
PERPIGNAN EXPERTISE,66,http://www.expertiseconcept.com/,A. MOREL
APTE,66,,S. BORDES
ACTI-PROTEC,66,https://www.acti-protec.com/,E. PEYTAVIN
La RoseraIE Services,66,,S. SANCHEZ-SITJA
66VI,66,,V. OLLIER
EXPRESS CATALAN FRANCE EXPRESS PERPIGNAN,66,,J. LEFRANCOIS
AUTOMOBILE CLUB ASSOCIATION,67,http://www.automobile-club.org,D. BOLLECKER
WITRON GmbH,67,http://www.witron.fr,j. heilig
Drivecase,67,http://www.Drivecase.fr,O. Clur
TRANSPORTS JACKY & fils,67,,T. JACKY
TRANSPORTS HEITZ THOMAS,67,,T. HEITZ
DELTA LINE,67,,A. ABBADI
AXIANS,67,http://www.axians.com,B. POUTET
W.T.L. WALTZ TRANSPORTS,67,,C. WALTZ
transports dufour xpress,67,,D. dufour
europatours,67,http://www.lktours.fr,m. Vermot-Desroches
foell,67,http://www.l-k.fr,e. Vermot-Desroches
autocars schmitt,67,http://www.l-k.fr,e. Vermot-Desroches
LES GRANDS CHAIS DE FRANCE,67,http://www.lgcf.fr,s. monnier
TRANSPORTS G. ANDRES,67,http://transportsgandres.wixsite.com/,P. ANDRES
Bruynzeel Rangements SAS,67,http://www.bruynzeel-storage.com/fr,B. Effenberger
SOTRAVEST,67,http://www.sotravest.fr,T. BECK
SPIE Est,67,http://www.spie.com,P. SCHUSTER
REINBOLD TRANSPORTS,67,,L. REINBOLD
Polyplus-Transfection,67,http://www.polyplus-transfection.com,l. atayi
RCUA - RCUE - GIE,67,https://www.r-cu.fr/,g. EHrmann
EVENKIT SERVICES,67,http://www.evenkit.fr/,P. CLEMENS
Rhin Clilatisation,67,http://www.rhin-climatisation.fr/,J. ROJAS
VANBERG PREVENTION,67,,S.DECK
HAUTIER REGION EST,67,http://www.transports-hautier.fr/,C. RIEFFEL
RAF' CONDUITE,67,,R. ANDRE-BECHT
EUGENE FORMATION,67,,P. Lienhart
AUTO-ECOLE ALFATIK,67,,A. TUFAN
AUTO ECOLE DES THERMES,67,,F. OPSOMER
OPHEA - OPH de l'Eurométropole de Strasbourg,67,,J. Dambier
Securetec France,67,,W. Sooth
ALEOS,68,http://www.aleos.asso.fr,L. RICHARD
AGENCE D'ATTRACTIVITE DE L'ALSACE,68,,P. CHOUKROUN
SODAG,68,,L. FEDERLEN
lk tours,68,http://www.lktours.fr,e. Vermot-Desroches
lk heilmann,68,http://www.l-k.fr,e. Vermot-Desroches
voyages lucien kunegel,68,http://www.l-k.fr,e. Vermot-Desroches
zimmermann,68,,e. Vermot-Desroches
metro cars,68,,e. Vermot-Desroches
lk chopin heitz,68,http://l-k.fr,E. Vermot-Desroches
Sarl dick decors,68,,f. dick
Solutia Saint-louis,68,http://www.solutia-domicile.com,m. pascual
COMMUNE DE PETIT-LANDAU,68,http://www.petit-landau.fr,A. LE GAC
EGTIM IndUSTRIE,68,http://www.ergodeveloppement.com/,D. DELUCINGE
Caisse d'assurance-accidents agricole du haut-rhin,68,,P. PETRY
centre d'entretien de l'habitat,68,http://www.ceh-wittenheim.fr,m. giangrande
Commune de Carspach,68,,R. Spillmann
PONTIGGIA,68,http://www.pontiggia.fr,F. THIERRY
VK2M,68,http://www.ergodeveloppement.com/,A. MARTINS
COMMUNE D'UFFHEIM,68,http://www.uffheim.fr,C. MARTINEZ
Communauté de Communes Pays Rhin-Brisach,68,http://www.paysrhinbrisach.fr,J. ehrlacher
Commune de Hohrod,68,http://www.hohrod.fr,B. FLORENCE
CONSEIL DEPARTEMENTAL DU HAUT-RHIN,68,http://www.haut-rhin.fr,E. Straumann
ville de huningue,68,http://www.ville-huningue.fr,j. deichtmann
SANISITT-COMUTHERM,68,http://www.sanisitt-comutherm.fr,T. KOCH
NOVEA 67 & NOVEA 68,68,http://www.strasbourg.novea.fr,J. Ohmann
MEINRAD ET FILS SARL,68,http://www.meinrad-fils.fr,S. MEINRAD
Ets FrançoIs KLOEPFER,68,http://www.kloepfer.alsace,f. Kloepfer
COGYTECH,68,http://www.cogytech.com,J. PAPIRER
VILLE de SAINT-LOUIS,68,http://www.saint-louis.fr,J. Zoellé
mON aUTOMOBILE CLUB,68,http://www.MON-AUTOMOBILE-CLUB.org,r. Rodriguez
COPROTEC,68,http://www.coprotec.net/,C. GROLLEMUND
lk tOURS,68,https://www.lktours.fr/,m. kUNEGUEL
CDG fonction publique territoriale du haut-rhin,68,https://www.cdg68.fr/,s. baesler
KLOEPFER FRANÇOIS SARL,68,https://www.kloepfer.alsace/,F. KLOEPFER
SCHOENENBERGER SA,68,https://www.schoenenberger.fr/,E. KETTLER
SMIR EXPERT,68,,Y. LEVEQUE
SMIR Expert,68,http://www.smir-levage.com/,Y. LEVEQUE
ORANGE,69,,V. SIPPRENAY
WITNESS,69,http://www.witnessfrance.com,V. LAVEUR
VIBRATEC,69,http://www.vibratecgroup.com/,J. KOVALEVSKY
Groupe Jlo,69,http://www.groupe-jlo.com,S. NOSENZO
LOCA RHONE TRANSPORTS,69,http://www.loca-rhone.com,P. MARTINELLA
NCI France,69,http://www.nci-france.fr,P. Bender
chipier,69,http://www.bhdeveloppement.fr,s. baudrion
TBH,69,http://www.bhdeveloppement.fr,E. BERNARD
CGVL,69,http://www.cgvl.fr,F. BATAILLARD
ste d'EXPLOITATIN DES TPS FRAISSINEDE,69,,M. FRAISSINEDE
STANLEY SECURITY,69,http://www.stanley-securite.fr/,C. HERENGT
TRANS BK Logistique,69,http://www.transbk.fr,e. larget
transports ducroux,69,,p. chastang
ae transports,69,,a. el hadri
LYON MONDE,69,,H. BOUCHAREB
RAC,69,http://www.rac.fr,F. Franco
Messagerie monod,69,,F. Bekhaled
KS Transports,69,http://www.kstransports.fr,F. Franco
ACTION KARTING,69,http://www.actionkarting.fr,J. DANNONAY
bivouac catering,69,http://www.bivouac-catering.com,p. rousselet
FLASH CONNECT,69,,d. Kavelashvili
H & M TRANSPORTS,69,,H. ZEHANI
COLIS COURSES,69,http://www.colis-courses.fr,M. MEDAIL
SIEMENS Building technologies,69,http://www.siemens.com,L. DOREY
PERMIS UTILE EURL,69,http://www.permisutile.fr,N. ROUGIER
alliance Echafaudages & structureS,69,http://www.alliance-echafaudages-structures.fr,c. chastel
Faz developpement,69,http://www.fazdeveloppement.com,L. MARSOTTO
ROIRET Energies,69,http://www.roiret-energies.fr,m. ribeiro
CAP SECURITE,69,http://www.capsecurite.com,N. DECORTES
Lepermislibre,69,http://www.lepermislibre.fr,r. Durand
MONSANTO,69,https://monsanto.com/,A. MASERO
groupama rhone-alpes auvergne,69,,a. deleau
BAYER SAS,69,http://www.bayer.fr,F. GARNIER
TRANSDEV RHONE-ALPES INTERURBAIN,69,http://www.transdev-rai.com,B. NUER
VEOLIA PROPRETE RHIN RHONE,69,http://www.veolia.com,C. CREBIEr
TGL Group,69,http://www.tglgroup.fr,F. WARNET
MARTEL Groupe,69,http://www.martelgroupe.fr,c. poncet
Handicap international,69,https://handicap-international.fr/,a. héry
CNR,69,https://www.cnr.tm.fr/,E. AYRAULT
Youpiii AUTO-ECOLE / CPFSR,69,https://youpiii.fr/,S. MALLEM
ATS SANTE RHONE ALPES,69,http://www.atseurope-express.com/,L. CHAVAROCHE
ESQESE Lyon,69,https://www.esqese.fr/fr/,M. BUI-LETURCQ
Bouygues Bâtiment sud est,69,http://www.bouygues-batiment-sud-est.fr/,F. BROGNIART
Fondation du BTP,69,http://fondation-btp.com/,D. CHARBONNEL
IAE LYON,69,http://iae.univ-lyon3.fr/,C. VARINARD
Air LIQUIDE CO2 EUROPE SA,69,https://www.airliquide.com/fr,A. FINDELING
lA POSTE-PDC DE CRAPONNE,69,,S. JANNY
EDAX,69,http://www.edax-transport.fr/,e. benghanem
GROUPE SEB,69,https://www.groupeseb.com/fr,T. DE LA TOUR D\'ARTAISE
sctp,69,,f. MAROT
securIS-COURS,69,http://www.securis-cours.fr/,n. DEPAY
Association Avenir santé,69,https://www.avenir-sante.com/,r. BOUTHIER
Furdif,69,http://furdif.com/,Y.LEMCHEMA
Lycos,69,http://www.transport-lycos.com/,M. MESSAOUDENE
AD Ingenierie,69,http://www.adingenierie.fr,L. CHASSAING
RAS Interim,69,https://www.ras-interim.fr/,T. LESAGE
SOS RECOURS,69,https://www.sos-recours.com/,S. JIMBERT
SARL CENTURIONS,69,https://www.centurions.fr,G. Bénière
ABSCISSE SECURITE ,69,,R. BONAN
Lombardi ,69,https://www.lombardi.ch/fr-fr/,A. Regad
DACTH TRANS,69,,D. AZZIZ
ALCADIA ENTREPRISES,69,,F. Charnay
MAVESSE,69,https://www.mavesse.com/fr/,T. Augagneur
V2A,69,,A. VERNE
NORSUD ,69,,P. DE GERY
NORSUD,69,https://www.norsud.com/,P. DE GERY
ATS SANTE,69,https://www.ats-sante.fr/,D. DESAGE
AXODYN,69,https://axodyn.com/,L. RACHIDI
CEREMA,69,https://www.cerema.fr/fr,P. BERTEAUD
ATSP,69,https://www.ats-prevention.com/,G. SCHILLIG
Groupe OCEA,69,https://www.groupe-ocea.fr/,M. Abate
UGECAM LE VAL ROSAY,69,https://www.ugecam-ra.fr/,M. AMEIL
UGECAM Rhône-Alpes,69,https://www.groupe-ugecam.fr/regions/rhone-alpes,C. BROILLIARD
OLMIPLAST,69,https://www.olmiplast.fr/,C. Bertrand
GAELLE AUTO-CONDUITE,70,https://www.gaelle-autoconduite.com/,G. SAMBOL
ELITE CONDUITE,70,,C. VINCENT
"FNATH 70 ""Association des accidentés de la vie""",70,,F. MASSON
FIVES CINETIC,70,https://www.fivesgroup.com/,T. MALARD
RAIPDES DE SAONE ET LOIRE,71,http://www.r-s-l.fr,J. FLINT
Eckes-GRANINI FRANCE,71,http://www.eckes-granini.fr/,p. HURAUX
CABINET EXAC,71,http://www.expertises-exac.com/,S. GARNIER
saone expertise,71,http://www.saone-expertise.fr/,f. berthet
SCTP-HAUTEFOND,71,,M. MAROT
association des accidentés de la vie,71,,P. GONNEAUD
CFCR2 - CFCR Benoit / Charton Formation,71,https://www.cfcr-benoit.com/,A. Charton
TRANSPORTS STRABERT,71,,S. MONTCHARMONT
GCBAT,71,,C. GLACE
PREV2R,72,http://WWW.PREV2R.Fr,j. guilllemoto
AUPHALINE,72,http://www.tele-zapping.com,P. CHARTON
AUTO ECOLE FLECHEAU,72,http://www.e-bateau-ecole.fr,B. GOMES
SALESKY TRANSPORTS,72,http://www.salesky.fr,j. bYZERY
CGV TransPORTS EUROPE,72,,A. Boutault
Société des rillettes bahier,72,http://www.bahier.net,j. venard
ASSOCIATION SASER,72,http://www.saser.fr,s. cavalier
AUTOMOBILE CLUB DE L'OUEST,72,http://www.lemans.org,P. FILLON
Bel,72,http://www.groupe-bel.com,E. LE DAULT
SETRAM,72,http://www.setram.fr,j. pringuet
COFIROUTE - VINCI AUTOROUTES,72,https://www.vinci-autoroutes.com/fr,A. FURGALA
hutchinson snc,72,http://www.hutchinson.com,A. BRILLANT
ARDAGHg group,72,http://www.ardaghgroup.com,P. BERGEOT
Transdev stao,72,http://www.stao72.fr,J. LEHUGER
VISTEON,72,http://www.visteon.com,A. DANIEL
LDC SABLE,72,http://www.ldc.fr,A. PICAULT
GT CANALISATIONS,72,http://www.gt-canalisations.fr,a. bureller
CLAAS Tractor,72,http://www.claas.fr,p. grondin
ARJOWIGGINS,72,http://www.arjowigginsgraphic.com,J. MAILHAN
Société des Dépôts Pétroliers de la SARTHE,72,,S. S.D.P.S.
IMPRIMERIE TREMOUILLAT FOUQUET,72,,G. FOUQUET
TREMBLAYE,72,https://www.tremblaye-sa.fr/,G. PUISY-DIA
Garnier Conditionnement - Condi plus,72,http://www.condiplus.fr/,k. Labbe
Optic 2000 - Maison Bracq,72,https://opticiens.optic2000.com/opticien-le-mans-72000-2878,F. ROBERT
La Scetec,72,http://www.scetec.fr/,E. DANGREMONT
Atelier saint luc,72,,C. BARRIER
FNATH - GROUPEMENT SARTHE ET ORNE,72,https://fnath7261.blogspot.com/,J. GUICHARD
LIANCE Solutions et conseils,73,http://www.liance-solutions.fr,G. LOUETTE
Transports JACQUEMMOZ,73,,F. JACQUEMMOZ
RTE GROUPEMENT D'ALBERTVILLE,73,http://www.rte-france.com,S. JAMBON
Charpentier mickael,73,,m. charpentier
CCI,73,,B. GASTINNE
BARREAU EMMANUEL,73,,E. BARREAU
AXIM'AUTO,73,,D. CHRISTOPHE
ASSOCIATION PREVENTION ROUTIERE,73,,X. CAUSSE
ALPINA-SAVOIE,73,,D. reoupenian
aide&assistance savoie,73,,P. ETAVARD
AGENCE ECOMOBILITE,73,,G. BACOU
adateep,73,,M. JABOUILLE
ACTIVES TRANSACTIONS CONSEILS,73,,G. CREMON
LIGUE CONTRE LA VIOLENCE ROUTIERE DE SAVOIE,73,,M. VAUCHE
DDT DE LA SAVOIE,73,,l. David
CTLB GROUPE RATPDEV,73,,E. DARDENNE
CONCEPT COURS D'EAU SCOP,73,,M. BOYER
CHALLESOPTIQUE,73,,L. ARBEZ
CFPSR,73,,P. PEREZ
RTE,73,http://www.rte-france.com,S. DUVAL
TSI OFFCOURSES,73,,B. FONTAINE
TRANSPORTS DE SAVOIE,73,,C. GIGANTE
TRANS-ALPES,73,,P. DELEGLISE
TERECOVAL,73,,C. BLANC
SAVOIE LABO,73,,C. GALLAY
SATM,73,,D. PEREZ
rte - gmr savoie,73,,s. duval
perrouse constructions,73,,P. GOLDIN
MSSA,73,,S. MATHIEU
MESUR'ALPES,73,,D. LEMARIE
MECANHYDRO,73,,L. COMTESSE
KARUM SARL,73,,A. HALSKA
iser'sol,73,,C. ROULET
HOTEL DE POLICE,73,,J. BOUTES
FRANCONY,73,,S. BACHET
FEDERATION BTP SAVOIE,73,,R. CHEVALIER
FAURE SAVOIE,73,,B. PLOTTIER
DELTA TP SERVICES,73,,l. ROSSI
DELTA POMPAGE,73,,D. AST
CHAMBRE PRO DES TRANSPORTS SAVOIE-DAUPHINE,73,,S. THIEBAUD
SNCF,73,http://www.sncf.com,p. jean-DITGAUTHIER
MEDEF,73,,B. FOLLIET
ADIS,73,https://www.adis-savoie.fr/,B. DUPin
YVROUD,73,http://www.yvroud.com/,C. ROBIN
pedretti,73,https://www.pedretti.fr/,L. TOUSSAINTS
AG2S Propreté,73,,S. VERNIER
VOYAGES LOYET,73,http://www.loyet.com/,D. DOLBET
MP Rénovation,73,https://fenetrechambery.com/,M. PÉRENON
KEOLIS CHAMBERY,73,https://www.bus-stac.fr/,F. MAILLARD
Serac Signalisation,73,https://www.serac-signalisation.fr,J. BOUVIER
EHS Consulting,73,,J.ENGLES
SOCIETE D'AMENAGEMENT DE LA PLAGNE ,73,,N. PROVENDIE
TRANSFER MONT BLANC,73,https://transfer-mont-blanc.com/,D. Beaulin
Drive Innov,73,https://www.drive-innov.com/,Y. BERTHE
PRESTAS+,74,http://www.prestas-plus.com,b. Nicolas
Hotel la boule de neige,74,http://www.labouledeneige.com,L. Farjou
color auto sas//gaud car system,74,http://www.gaudcarsystem.com/,y. gaud
IDEXA,74,,E. DEPERRAZ
ENEDIS,74,https://www.enedis.fr/,R. HOSTE
sasu PARFIL,74,,J. ESPEJO LUCAS
JOHNSON & JOHNSON,75,https://www.jnj.com,E. Quilès
Keolis,75,http://www.keolis.com,J. Farandou
CAISSE DES DÉPÔTS,75,http://www.caissedesdepots.fr,P. lemas
CRÉDIT MUTUEL,75,https://www.creditmutuel.fr/home/index.html,N. Théry
Danone,75,http://www.danone.com,E. Faber
NRJ,75,http://www.nrjgroup.fr/groupe/,J. Baudecroux
Michelin,75,https://www.michelin.com/fre,J. Senard
HANDI TRANSPORT,75,,K. Hadj said
ANATOME,75,http://www.anatome.fr,E. ZAJDERMANN
LA CHOSE,75,,P. GREGOIRE
AUTOMOBILE CLUB PREVENTION,75,http://www.acprevention.fr,J. MONNATTE
R&g GLOBAL CONSULTANTS,75,http://www.rnggc.com,C. MERTZ
FEDERATION INTERNATIONALE DE L'AUTOMOBILE,75,http://www.fia.com,J. TODT
HIT AIR FRANCE,75,http://www.HIT-AIR-FRANCE.FR,S. BOUILLOT
Driving Interactive,75,http://www.driving-interactive.com,E. Soubeyran
AVRIL,75,http://www.groupeavril.com,J. Puig
Fédération nationale des transports de voyageurs,75,http://www.fntv.fr,i. mareschal
sas performance,75,http://www.performance-sas.com,E. BOISSERIE
Captain Sam,75,http://www.captain-sam.fr,M. Renault
Securitas france,75,http://www.securitas.fr,t. desplanques
Good angel,75,http://www.good-angel.fr,k. Auzou
FONDATION DE LA ROUTE,75,http://www.fondationdelaroute.fr,M. nGUYEN VAN THUY
ALCOPASS,75,http://www.alcopass.com,T. SOLDEVILLA
PROCOMM MMC,75,http://WWW.PROCOMM-MMC.COM,K. DARMOULI
TRANSPORTS DEPLACEMENTS SERVICES,75,http://www.groupe-tds.fr,D. LIONEL
TRANSFASK,75,http://www.trans-cash.fr,S. KESSELMARK
JB TRANSPORTS,75,,j. boutel
HDi,75,,H. Drid
richelieu,75,http://www.richelieu-trs.fr,a. sohbani
ALFA TRANS,75,http://www.remi-centrevaldeloire.fr,j. boutel
MINISTERE DE L'ECONOMIE ET DES FINANCES,75,http://www.economie.gouv.fr/,T. SERIN
e.b.trans,75,http://www.ebtrans.eu,b. durand
APERLI,75,http://www.ithylo.com,J. CADO
Persuaders recrutement,75,http://www.persuadersrh.com,J. Buannic
VALEO,75,http://www.valeo.com,J. ASCHENBROICH
ASSYSTEM,75,http://www.assystem.com,G. BRESCON
drims express,75,,m. henid
SANOFI,75,http://www.sanofi.com,O. BRANDICOURT
ASSOCIATION PREVENTION ROUTIERE,75,http://www.preventionroutiere.asso.fr,A. LAVAUD
ArIadné,75,http://www.ariadne-droitsocial.fr/,P. Parthenay
EDF,75,http://www.edf.fr,C. CARVAL
Union nationale des automobile clubs,75,http://WWW.UNION-DES-AUTOMOBILE-CLUBS.FR,m. jeansou
ddb paris,75,http://www.ddb.fr,v. leorat
Gaz Réseau Distribution France (GRDF),75,https://www.grdf.fr/particuliers/entreprise-grdf/connaitre-grdf,É. Sauvage
NEXITY,75,https://www.nexity.fr/immobilier/groupe/engagements,N. BERTHELOT BRIDAY
Le Bureau de Com,75,http://www.lebureaudecom.fr,S. Bossant
CREDIT INDUSTRIEL ET COMMERCIAL (cic),75,http://www.cic.fr,D. BAAL
CDC Mutuelle,75,http://www.cdc-mutuelle.org,G. Lesage
SAFRAN,75,https://www.safran-group.com/,F. Gauvain
Deliveroo france sas,75,https://deliveroo.fr/fr/,j. belain
ALTICE FRANCE,75,http://www.sfr.com/,N. RICARD DEFFONTAINE
Groupe RATP,75,http://www.ratp.fr,C. Guillouard
ALCOPASS,75,https://alcopass.com,T. Soldevilla
INTERXION,75,https://www.interxion.com/fr/,F. COQUIO
Chambre de commerce et d'industrie,75,http://www.cci.fr,a. Hunter-Rousselle
LES MENUS SERVICES,75,http://www.les-menus-services.com/,C. GUILLANEUF
LES SENTINELLES DU RAIL,75,http://www.lessentinellesdurail.fr/,J. BERGER
HELLO GARAGE,75,https://www.hello-garage.fr/,m. Lebaillif
GROUPE AESIO,75,https://www.aesio.fr/,E. GEX-COLLET
Terran,75,https://www.terran.fr/,J. Master
Wimoov,75,https://www.wimoov.org/,F. GILBERT
Ecole nationale d'administration (ENA),75,https://www.ena.fr/,P. Gérard
negosocial,75,https://negosocial.fr,A. CHENAUX
GETLINK,75,https://www.getlinkgroup.com/fr/home/,j. Gounon
CLAI,75,http://www.clai-communications.com/,E. Coutureau
DILA,75,http://www.dila.premier-ministre.gouv.fr/,V. LEHIDEUX
BABEL,75,https://agencebabel.com/,j. MUtel
PNEUS100,75,https://www.pneus100.fr,H. Weck
BlaBlaCar & BlaBlaLines,75,https://www.blablalines.com/,F. Mazzella
Areas assurances,75,https://www.areas.fr/,S. Mortera
Wood GROUP FRANCE,75,https://www.woodplc.com/,S. HERTZ-CLEMENS
Eau de paris,75,http://www.eaudeparis.fr/,d. moneger
VFLI,75,https://www.vfli.fr/,e. SANCHEZ
CABINET GUY JEAN BAPTISTE CABJB,75,,G. JEAN BAPTISTE
IESTL,75,https://iestl.com/,F. SENOUCI
ZENTIVA FRANCE,75,,S. Coulaud
Bird RIDES FRANCE SARL ,75,https://www.bird.co/,D. Ibenmansour
Ad'Trucks Creator,75,https://www.adtruckscreator.com/,M.ALEONARD
FHCOM,75,http://www.fhcom.net/,F.HENRY
MY OFFICE PRIVÉ,75,http://myofficeprive.fr/,JP. DJALILI
SOPRA STERIA ,75,https://www.soprasteria.com/fr,R.CLAVIJO GARIBAY
Cap Conduite Reuilly ,75,http://www.tonpermisaccelere.fr,A. ANTUNES DIAS
Fédération nationale Familles Rurales,75,https://www.famillesrurales.org/,D. MARMIER
Concept Recrutement,75,https://www.concept-recrutement.fr/,T. LESAGE
F.M.S Intérim,75,http://www.fms-interim.fr/,T. LESAGE
F.M.S Intérim,75,http://www.fms-interim.fr,T. LESAGE
VFLi,75,https://www.vfli.fr/,Y. MAZARI
Wedoogift,75,https://www.wedoogift.com/,L. Lecomble
ISG,75,https://www.isg.fr/masters-science/,C. Rrusti
Legion Etrangere,75,,L. Uros
Numberly,75,https://numberly.com/en/,Y. Costes
AKERVA,75,https://akerva.com/,L. DELAPORTE
Socio Data Management,75,https://socio-dm.com/,L. DELAPORTE
Aura Equipements,75,http://www.easycom-aura.com/,L. DELAPORTE
US'in Plus,75,https://www.usinplus.com/,A. SEBASTIEN
CNATP,75,,D. Lemaire
ANEA,75,,L. NAMIN
Groupe Pierre et Vacances Center Parcs,75,https://www.pierreetvacances.com/,Y. Caillère
TEREOS,75,,A. DUVAL
RATP DEV,75,https://www.ratpdev.com/,M. Vincent
TERANGA SOFTWARE,75,,P. THALAMY
TERANGA SOFTWARE,75,,P. THALAMY
Getir,75,https://getir.com/fr/,G. Diaz
APECITA,75,https://www.apecita.com,M. GABARET
SEITA IMPERIAL TOBACCO,75,https://www.seita.fr/,p. harnay
MGEN,75,https://www.mgen.fr/le-groupe-mgen/,M. Savignac 
OOVOOM,75,https://oovoom.com/,S. BIBAS
PRISM'EMPLOI,75,http://www.prismemploi.eu/,I. EYNAUD-CHEVALIER
E-GAP FRANCE,75,https://www.e-gap.com/fr,F. COURNEAU
HARMONIA,75,,c. rouille
CEACOM - arvato bertelsmann,76,https://fr-fr.facebook.com/CeacomLeHavre/,G. MILERT
ADESTI,76,http://www.adesti.fr,P. Bous Lecordier
IES,76,http://www.i-e-s.fr,F. SAUNIER
Buisson partenaires,76,http://www.buisson-partenaires.fr,G. Buisson
ISTF,76,http://www.istf-formation.fr,K. Thomas
TRANSPORT LECOQ Guy et fils,76,http://www.lecoqtransport.com,f. lecoq
RM EXPRESS,76,,R. TABAROUT
AVENEL,76,http://www.avenel.fr,n. MAILLET AVENEL
ATS ROUEN,76,http://www.atseurope-express.com/,L. chavaroche
CNMT,76,http://www.cnm-groupe.com/,L. HAREL
Hemispheres conseil,76,http://hemispheres-conseil.fr/defaultsite,F. *****
AMSN - Service de sante au travail normand,76,https://www.amsn.fr/,c. EMO
I-RENTAL SAS,76,,A. SAUVAGE
MEDIA FORMATION,76,,Y. Vernon
EREM,76,,F. GIULIANI
UGECAM DE NORMANDIE,76,https://www.ugecam-normandie.fr/,J. BORDRON
CRF de la Hève,76,,R. CRF de la Hève
"CRMPR ""Les Herbiers""-UGECAM de Normandie",76,https://www.ugecam-normandie.fr/,C. VIARD
DISNEYLAND,77,http://www.disneylandparis.fr,C. Powell
EURO J PREVENTION,77,http://WWW.EUROJPREVENTION.FR,J. MICHIELS
Alter Prévention,77,http://www.alter-prevention.com,V. Macor
ABCD de la Conduite,77,http://www.abcddelaconduite.fr,a. sitbon
TRANSFLEX,77,http://www.groupe-TRANSFLEX.fr,D. FEUILLET
TRANSPORTS SLIMANI,77,,M. SLIMANI
DWSL-WISSEM,77,http://www.wissem.fr,S. DJERMANI
TRANSPACK,77,http://www.transpack.net,G. FARES
Sofia Transports,77,,A. Malki
MPM EXPRESS,77,http://www.mpm-express.fr,L. GARCIA
FDE,77,http://www.transport-fde.com,I. MEHENNI
SUNCLEAR,77,http://www.sunclear.fr,M. MENARD
tryfaz,77,http://www.tryfaz-transports.fr,m. mhibik
fagour eurl,77,,p. fagour
EUROPE EXPRESS,77,,P. DOS SANTOS SUBTIL
TRANSPORTS HERVE,77,,R. M. HERVE
BM EXPRESS,77,,M. BOUAICHA
SKY TRANSPORT,77,,S. Djedra
H ET T TRANSPORT,77,,P. TOMASI
Salvum,77,http://salvum.org/,P. Sabin
GROUPE BBL,77,http://www.groupe-bbl.com/fr/,H. LUIS
CENTAURE Ile-de-France,77,http://www.centaure.com/index.htm,S. Charles
citemobil,77,http://www.callengo.fr/,j. HOUYVET
J-L-International,77,http://www.jlinternational.fr/site/,J. HOUYVET
PROCARS -,77,http://www.procars.com/,F. JOUY
MYMOBILITY,77,https://www.mymobility.fr/,JC. HOUYVET
Douceur de vivre ,77,,E.BILLAUDEL
ASAP EXPRESS,77,,A. JARJAVAL
TRANSDEV SETRA,77,,C. L'HELGOUALC'H
LOSAY,77,https://www.losay-autocars.com,S. DA COSTA
SARL GEOCAPA,77,https://www.geocapa.fr/,T. ORNAQUE
Automobile Club prevention,77,https://www.automobile-club.org/,A. roge
Transdev CEAT,77,,L. OUDOTTE
SAS CARS MOREAU,77,,M. MOREAU
Mairie de Lognes,77,,A. YUSTE
MAIRIE de Saint Thibault des VIGNES,77,,S. VOURIOT
SA HLM LES FOYERS DE SEINE ET MARNE,77,https://fsm.eu,M. MIFSUD
Remove,77,,S. Gonçalves
Régie du Pays de Meaux,77,,L. LURTON
SSIAD DE CHELLES,77,,S. Truffier-Blanc
SDESM,77,https://www.sdesm.fr/,P. YVROUD
MAIRIE DE TOURNAN EN BRIE,77,http://www.tournan-en-brie.fr/,L. GAUTIER
ACORUS,77,https://www.groupe-acorus.fr/,M. GONCALVES
Ville de Vaux-le-Pénil,77,https://www.mairie-vaux-le-penil.fr/,H. De Meyrignac
Drive or phone,78,http://www.driveorphone.com/,m. Manseau
IGIENAIR,78,http://www.igienair.com,e. de ponnat
Auto Ecole Apprendre & Aimer La Conduite,78,http://www.aac-autoecole.com,R. Chomel De Jarnieu
AUDIT PREVENTION SECURITE,78,http://www.aps-prevention.com,p. COLOMBANI
CESM SAS,78,http://www.cesm.marine.defense.gouv.fr,J. BAUX
TRIADIS,78,http://www.triadis.fr,H. GARIN
bat transports,78,,A. BARADEL
VINCI AUTOROUTES,78,http://www.vinci-autoroutes.com,N. DURVAUX
JEOL (EUROPE) SAS,78,http://www.jeol.fr,E. FREYRIA
HEVO FORMATION,78,http://www.hevo-formation.com,T. CHAFFARDON
Cfm Lyre formation,78,http://www.lyreformation.com,e. roques
AGENCE sem web,78,https://sem-web.fr,A. Lopin
EUROPCAR International,78,http://www.europcar-group.com,C. Parot
DUBERNARD,78,http://www.dubernard.fr/,C. DUBERNARD
FORD FRANCE,78,https://www.ford.fr/,L. VIGNON
EIFFAGE INFRASTRUCTURES,78,http://www.eiffageinfrastructures.com/,E. LEMONNIER
OSTRA,78,http://www.objectifsantetravail.fr,K. WIRTH
CTE NORDTEST,78,http://www.socotec.com/,N. SALIN
BELTOISE EVOLUTION,78,http://www.conduirejuste.com/,M. BODSON
TELEREP,78,http://www.telerep.fr/,J. CALADO-ROUZIERES
Urban logistique,78,http://www.urban-logistique.fr/,d. cousteix
GRANDVISION FRANCE,78,https://carrieres.grandvisionfrance-recrute.fr/fr,A. PENCHAUD
Sodexo en france,78,https://fr.sodexo.com/home.html,A. NOTARIANNI
Hertz France,78,http://www.hertz.fr,E. EUSEBE
Iris Conseil,78,http://www.irisconseil.com/,T. AUCHENE
DRIVER'S COOL SAS,78,,Y. ABDELMALEK
GINGER,78,https://www.groupeginger.com/,F. BIANCARELLI
objectif permis 75    veronique tissier,78,,V. TISSIER
LOGMA Consulting,78,,F. MALBRUNOT
MIDAS France,78,,J. Van Genneken
Schindler,78,,R. BRANCOURT
SQYBUS,78,,J. LOPEZ
Les Cars Perrier,78,,J. LOPEZ
EIFFAGE GENIE CIVIL SPECIALISE,78,,T. COQUIN
Aevia France,78,,D. Corvez
Eiffage Génie Civil,78,https://www.eiffagegeniecivil.com/,A. Davout
ÆVIA ,78,,D. Corvez
Sp2r Formations,78,,L. Terreng
R.F.P.S.,78,https://www.sorecfer.com,D. MAMOURI
Solutions Solstice,78,https://solutions-solstice.com/,J. MERLINO
LA POSTE,79,http://legroupe.laposte.fr,p. Wahl
AVENIR ATLANTIQUE,79,http://www.aveniratlantique.com,p. POUMAREDE
HM VOYAGES,79,http://www.hm-voyages.com,P. POUMAREDE
BERNARD MICHEL TRANSPORTS,79,http://www.sabenis.com,S. NIVELLE
SLT SAS,79,http://www.slt-services-locations-transports.fr,S. LIGNER
VMP,79,http://www.vmp-pro.com,M. PINEAU
COVEA,79,http://www.covea.eu/,t. derez
Automobile Club des deux-sevres controle technique,79,http://www.automobile-club79.com,p. berneux
MACIF,79,http://www.macif.fr,J. RABY
THOUARS CONDUITE,79,https://auto-ecole.codesrousseau.fr/annuaire-auto-ecoles/thouars/auto-ecole-thouars-conduite/4007,T. SABOURAUD
CPME DES DEUX-SEVRES,79,https://www.cpme79.fr/,C. DE OLIVEIRA
Automobile-Club des deux-sevres,79,http://www.automobile-club79.com/,P. BERNEUX
SRE 79,79,,J. MELIN
CHAMBRE DE METIERS ET DE L’ARTISANAT DEUX SEVRES,79,http://cma-niort.fr/,N. GAUTHIER
CHATAIGNER FORMATIONS,79,https://chataigner-formations.fr/,N. PAUL
Medef deux-sevres,79,http://www.medef79.fr/,p. arrighi
ADAPEI 79,79,http://www.adapei79.org/,T. FAVRELIERE
CHAMBRE DE COMMERCE ET D’INDUSTRIE DEUX-SEVRES,79,http://www.deux-sevres.cci.fr/,G. LEFEVRE
Absie Voyages,79,https://www.absie-voyages.com/,L. Sechet
ALLIANCE ATLANTIQUE,79,http://www.aveniratlantique.com/,X. Masson
SPF CONSEIL,79,https://spf-conseil.fr/,F. Guilbot
MAIF SOLUTIONS FINANCIERES,79,,A. REVELLAT
EASY CONDUITE,79,https://easyconduite79.fr/,M. BONNIN
FNATH79,79,,L. BRILLAUD
JORIS IDE ATLANTIQUE,79,https://www.joriside.com/fr-fr/,A. RONDEAU
ECSR DU PANIER FLEURI ,79,,O. LUCAS
BTL Transport,80,,A. TOPIN
SNCF,80,http://www.sncf.com,C. SENECHAL
OPTIC 2000,80,https://opticiens.optic2000.com/opticien-peronne-80200-720,A. LEROY
Sabrina Devimes,80,,S. Devimes
AXIANS Rail Nord-Est Normandie,80,https://www.axians.fr/fr/,G. BURIEZ
UNILIN SAS,81,http://www.unilinpanels.com,E. PARMENTIER
SARL GALAN,81,http://www.ecoledeconduitegalan.com,T. GALAN
erick,81,http://www.auto-moto-ecole-erick.com,E. FARJANEL
ESCAFFRE PRODUCTION,81,http://www.escaffrebois.fr,J. ESCAFFRE
aftral,81,http://www.aftral.com,j. begue
VOA VErrerie d'Albi,81,http://www.voa.fr,b. CHATILLON
MALIE CONSTRUCTIONS,81,http://www.malieconstructions.fr,A. ESCAFFRE
LA POSTE,81,http://www.laposte.fr,M. ESCALLIER-DURONT
PIERRE FABRE SA,81,http://www.pierre-fabre.com,T. DENJEAN
MAISON BRUYERE,81,http://www.maisonbruyere.fr,L. BRUYERE
LABORATOIRES PHODE,81,http://www.phode.fr,D. ECLACHE
CCI DU TARN,81,http://www.tarn.cci.fr,M. BOSSI
SERVICE PARITAIRE DE SANTE AU TRAVAIL DU TARN,81,http://www.spstt.fr,G. AUDU
Centre caramantis ASEI,81,http://www.centrecaramantis.asei.asso.fr,J. ROUTABOUL
PREFECTURE DU TARN,81,http://www.tarn.gouv.fr,J. MOUGARD
SERVICE PARITAIRE DE SANTE AU TRAVAIL DU TARN,81,http://www.spstt.fr,G. AUDU
CCA INTERNATIONAL,81,http://www.ccainternational.com,L. Cala
SPL D'UN POINT A L'AUTRE,81,http://www.tarnbus.fr/,L. CARLES
CFPR,81,https://www.cfpr.fr/,P. FOUILLEUL
cemex granulats sud ouest,81,https://www.cemex.com/,f. charpentier
carrière de de la montagne noire,81,http://www.cmn-granulats.fr/,j. carceller
SRAS,81,https://www.sist-btp.com/midi-pyrenees,b. Roumiguiere
SOMALU SAS,81,https://www.somalu.com/,E. Julien
ATELIER DU BOIS,81,https://atelier-bois-menuiserie-tarn.fr/,G. BLANC
ECOLE DE CONDUITE VICTOR LAVAL,81,https://www.ecoledeconduite-victorlaval.com/,V. LAVAL
CHIC Castres-Mazamet,81,http://chic-cm.fr/,P. PERIDONT
Etablissement Sablayrolles,81,https://www.etablissements-sablayrolles.fr/,L. Sablayrolles
BENNE SA,81,https://www.benne-sa.fr/fr/content/6-entreprise,T. Benne
SARL AXENGO,81,https://www.axengo.net,C. LEFRANC
TEL&TEL,82,http://www.locster.fr/,s. puis
LOCSTER,82,https://www.locster.fr/,S. PUIS
PERRYSOFT,82,,T. ROUMY
Mon Auto Assure,83,http://mon-auto-assure.com,B. OLIFIRENKOFF
Auto'Répare,83,http://www.auto-repare.com/,A. AJHON
Val auto ecole,83,,V. Chalbos
sa des autocars francotte,83,http://www.autocars-francotte.fr,G. FRANCOTTE
BIBOU,83,http://www.bibou-transport.com,S. CHAMKHIA
POLYFRET,83,,j. borie
Groupe AGPM,83,http://www.agpm.fr,Patrice Paulet
Assur Mutuelle,83,https://assur-mutuelle.fr/,M. casano
Mes devis auto,83,https://mes-devis-auto.fr/,J. Stroller
TRANSPORTS MALVAUX,83,http://www.transports-malvaux.fr/,R. RAULET MALVAUX
Naval,83,https://www.naval-group.com/fr/,f. demoulin
LOMATECH SAS,83,http://www.lomatech.fr,P. DI CAMILLO
Naval Group Site de Saint-Tropez ,83,,D. RABY
PIZZORNO Environnement,83,,F. Devalle
NAVAL GROUP,83,https://www.naval-group.com/fr,D. GILAVERT
RADEAU,83,https://www.portagerepas.eu/,r. collot
pomona TerreAzur,83,,p. molinari
GTR VAUCLUSE,84,http://www.perrenot.fr,M. DALI
VINCI-AUTOROUTES,84,http://www.vinci-autoroutes.com,J. PISSONNIER
CONFIEZ-NOUS,84,http://www.confiez-nous.fr,E. KERROUX
ECF SUD PREVENTION SECURITE,84,http://www.ecf.asso.fr,G. CASSAR
TRANSPORTS CHABAS,84,http://web.transportschabas.fr/,M. MEZARD
ecf - ecs 84,84,http://www.ecf.asso.fr,G. CASSAR
Enedis vaucluse,84,http://www.enedis.fr,P. PREVOST
Radio Atlandes autoroute,84,http://www.radio1077.fr,S. Fiaux
SARL EMMA TRANS,84,,M. HAMOU
Mairie de pertuis,84,http://www.ville-pertuis.fr/,R. jarrassier
SARL ORANGE AUTO-ECOLE,84,https://www.orange-auto-ecole.com/,p. MAUJARD
DISPAM,84,,E. GILLES
VOYAGES ARNAUD L'ISLE SUR LA SORGUE,84,https://www.arnaud-voyages.com/,J. FONTAN
JMS Motos BMW,84,https://partenaire.bmw-motorrad.fr/jmsmotos,J. SALARIS
codes rousseau,85,http://WWW.CODESROUSSEAU.fr,M. GOEPP
CENtr ' europe de formation routière,85,http://www.autoecole-cefr.fr/,j. polteau
ACTIROUTE,85,http://www.formation.actiroute.com,J. BOUFFANDEAU
SARL TURPAUD,85,http://www.turpaud-maconnerie.fr,J. Turpaud
sarl domaine de la combe,85,http://www.domainedelacombe.sitew.com,n. charman
sarl l'atelier du village,85,http://www.latelier-du-village.fr,e. pomies
SARL L'Albizia,85,http://www.lalbizia.fr,D. BONDU
FLEURY MICHON,85,https://www.fleurymichon.fr/,G. CHAMBET
cci Vendée,85,http://www.vendee.cci.fr/,a. valentini
FNATH de la Vendée,85,,V. FNATH 
Auto école de la plage ,85,,L. Rimbault 
CUBE,85,https://www.cubecom.fr,F. Soulard
AMP VISUAL TV,85,https://www.ampvisualtv.tv/,G. Sallé
SOS-DATA,86,http://www.sos-data.fr,M. ROUSSEAU
SECURITE ROUTIERE FORMATIONS NICOLAS BORNIBUS,86,,n. BORNIBUS
LA POSTE Poitou-CHARENTES,86,http://www.laposte.fr/,S. KRIEF
KEOLIS CHATELLERAULT,86,http://www.bustac.com/,R. CHANTREAU
Mutuelle de poitiers assurances,86,http://www.assurance-mutuelle-poitiers.fr,S. DESERT
FUTUROSCOPE,86,https://www.futuroscope.com/,M. BOUIN
Departement de la VIENNE,86,http://www.lavienne86.fr/,C. DUBREUIL
LA POSTE - BRANCHE SERVICES COURRIER COLIS,86,https://www.groupelaposte.com/fr,J. BRANGIER
EDF - CNPE de Civaux,86,https://www.edf.fr/civaux,E. PEDRONO
La Poste,86,https://www.laposte.fr/,J. MOREAU
transports sas marot,86,http://www.transports-marot.fr/,f. marot
ACOLEVA,86,http://www.acoleva.fr/,L. BRANDAO
ASSOCIATION DES ACCIDENTÉS DE LA VIE - FNATH,86,,J. GUERIN
Association Des Accidentés de la Vie - FNATH,86,,A. AL MADMOUJ
OFFICE 21 NOTAIRES ASSOCIES,86,https://office21.notaires.fr/,C. Aci
maisons euro france,87,http://www.maisons.eurofrance.fr,c. guillaume-gentil
CENTRE HOSPITALIER ESQUIROL,87,https://www.ch-esquirol-limoges.fr/,G. BARRUCHE
LEGRAND,87,https://www.legrand.com/fr,B. COQUART
CONFIEZ-NOUS,87,https://www.confiez-nous.fr/,L. BUISSON
CONFIEZ-NOUS SUd haute-vienne,87,https://www.confiez-nous.fr/index.php,L. BUISSON
Confiez Nous,87,,N. VIDAUD
POLYCLINIQUE DE LIMOGES,87,http://polyclinique-limoges.com/,C. BLANC
POLYCLINIQUE DE LIMOGES,87,http://polyclinique-limoges.com/,l. BONNEFOND
Confiez Nous,87,,N. VIDAUD
Fondation Delta Plus,87,,I. Daulhac
Orano Mining - Etablissement de Bessines,87,https://www.orano.group/fr,R. MATHIEU
SANTE SERVICE LIMOUSIN,87,https://santeservicelimousin.fr/,N. BAUDOIN
AVENIR ELECTRIQUE DE LIMOGES,87,https://www.avenirelec.fr,S. LAMBRE
MUTUALITE FRANCAISE LIMOUSINE,87,https://www.mutualitelimousine.fr/,F. BONICHON
LA POSTE LIMOGES PPDC,87,,E. RIGAUX
GROUPE MAUFFREY,88,http://www.mauffrey.com,D. MAUFFREY
TRANSPORTS Jean ROUILLON,88,,S. ROUILLON
AUTOCARS BONNARD,88,https://www.autocars-bonnard.com/,W. BONNARD
Vosgelis,88,https://www.vosgelis.fr/,F. Barbe
SAS MARCOT,88,http://www.marcot.fr/,P. MARCOT
SODEL SAS,88,http://www.sodel.net/,D. MATHIEU
FNATH (association des accidentés de la vie),88,,R. L'HOMME
GRANDS MOULINS AUTO SAS,88,,G. BERTRAND
Ville d'Epinal,88,https://www.epinal.fr/,C. CASTELLANI
VIRY,88,,J. MESSEIN 
Direction départementale des Territoires,88,,D. BEMER
SICOVAD,88,,P. CLAUDON
CAPEB VOSGES,88,,A. HOUOT
Adavie,88,,G. BRACHA
Tchizz Voyages - Cars Ferry,88,https://www.tchizz-voyages.com/,P. Bruey
EGGER Panneaux & Décors Rambervillers,88,,G. REID
CONTREXEDIS,88,,M. Grosdemange
MADEiN Grand Est,88,https://www.madein-grandest.fr,R. Dauphin
garnier-thiebaut,88,,p. de montclos
SCIERIE Raboterie Jean MATHIEU,88,,M. Benjamin
RAON DISTRIBUTION,88,https://www.e.leclerc/mag/e-leclerc-raon-l-etape,P. tarry
NOUVEAUX DOCKS,88,https://www.lesmateriaux.fr,A. MAUPETIT
transdev auxerrois mobilités,89,http://www.vivacite.fr,J. buisson
Transdev Rapides de Bourgogne,89,http://www.rapidesdebourgogne.com,J. BUISSON
confiez nous,89,http://www.confiez-nous.fr/,c. loison
GENDRON TRANSPORT,89,http://www.sarl-gendron-transport.com/,L. RIGAUT
SKF Slewing Bearings,89,https://www.skf.com/group/splash/index.html,F.BOUILLY
Pneu Laurent SNC,89,https://www.laurentretread.com/,A. MALECAMP
Carrières et matériaux d'Asnières (CMA),89,,S. DILLON
EIFFAGE ENERGIE SYSTEMES BOURGOGNE CHAMPAGNE,89,https://www.eiffage.com,D.PERRET
MG GRANULES,89,http://mggranules.com/,P.MORIZOT
MG GRANULES,89,http://mggranules.com/,P. MORIZOT
Ecf,89,,H. Alali 
Simon et cie,89,,C. Bertrand
ACFV Consultant ,89,http://www.acfv-consultant.fr/,E. KURC
lk aire urbaine,90,http://www.l-k.fr,e. Vermot-Desroches
lk eurocar horn,90,http://l-k.fr,e. Vermot-Desroches
SMDEA,90,http://www.smdea09.fr,E. MAYODON
LISI Group,90,,E. VIELLARD
LISI Group,90,,E. VIELLARD
stop transport,91,http://www.stoptransport.com,o. philippe
zakoo transports,91,http://www.zakoo-transports.fr,a. sohbani
BEST CONCEPTS,91,http://www.thebestconcept.com,V. MAGDELEINE
JED-DIS TRANSPORT,91,,M. JEDDI
Laboratoire FR fractionnement & biotechnologies,91,http://www.groupe-lfb.com,c. bechon
Martin Brower,91,https://martinbrower-ensemble.fr/,A. DAUMAIN
Astre Commercial,91,http://www.astre.fr,a. Martin
AREVA DEMANTELEMENT ET SERVICES,91,http://www.areva.com,c. perrot
Carrefour france,91,http://www.carrefour.com,N. PRIOUX
INTERMARCHE PYREVAL PAMIERS,91,http://www.intermarche-pamiers.fr,j. ROZEN
ADAPEI de l'ariege,91,http://www.adapei09.fr,a. suquia
STPEE,91,http://www.stpee.fr,S. JULIEN
NATUREO,91,https://www.natureo-bio.fr/,R. MATHIEU
bbe developpement,91,http://www.bbe-developpement.fr/,a. deschamps
TOUCANGO BY INNOV PLUS,91,http://www.innov-plus.com/fr/,S. ARNOUX
ALLIANCE FRANCOPHONE POURLA SECURITE ROUTIERE,91,http://www.alliance-francophone.org/,R. TROTTEIN
ENERIA,91,http://www.eneria.com/,V. CHAUVIN
SATELEC,91,http://www.fayat-energie.com/,D. DUMINY
ADEISSE,91,https://www.adeisse.fr/,C.DE BIASIO
UTAC CERAM - LA CONDUITE PREVENTIVE,91,https://www.parisautoevents.com/formation-et-activites-conduite/prevention-risque-routier,C. BRIFFA
EPS Barthélemy Durand,91,http://www.eps-etampes.fr/accueil/,L. Ricci
TWO ROULE ,91,https://www.tworoule.com/,Q. Morette
TRANSPORTS PREMAT,91,,P. PREMAT
vip transport corporate ,91,,d. poizeau 
ZORAJ TRANSPORT,91,,Z. RAJAONARISON
LIFE - Laser International Fondation Engagements,91,,R. Trottein
ANTON PAAR SAS,91,,L. THOMAS
ORLYVAL service,91,https://www.orlyval.com,C. LEMOIS
GROUPE ESSIA,91,https://www.essia.fr/,B. RECOUVREUR
M.G.D,91,https://inris-formations.com/centre/ile_de_france-essonne-auto-ecole-inris-savigny-sur-orge/,L. Dorignac 
APIXIT,91,https://www.apixit.fr/,i. allaert
22 Event - Two Roule ,91,https://www.tworoule.com,A. Legrand
Total,92,https://www.total.com/fr,p. Pouyanné
PSA,92,https://groupe-psa.com/fr/,c. Tavares
GROUPE-RENAULT,92,https://www.renault.fr,C. Delbos
Orange,92,https://www.orange.com/fr/accueil,S. Richard
Vinci,92,https://www.vinci.com/vinci.nsf/fr/index.html,X. Huillard
Engie,92,https://www.engie.com,I. Kocher
SANEF,92,https://www.sanef.com/#!/,L. Deulofeu
AXA,92,https://www.axa.fr,J. de peretti
Cohome,92,http://www.cohome.in,L. Choisy
ENEDIS,92,http://www.enedis.fr,P. Monloubou
VALLOUREC,92,http://WWW.VALLOUREC.COM,P. CROUZET
VINCI Energies France COMMUNICATION & SYSTEMS,92,http://www.axians.com,f. poisson
PCM Europe SAS,92,http://www.pcm.eu,G. SAINTOMER
Djangoo,92,http://www.djangoo.fr,A. Corailler
MANPOWER,92,http://www.manpower.fr,F. BODIKIAN
BCA EXpertise,92,http://www.bca.fr/,M. PARMENTIER
VINCI ENERGIES FRANCE INFRASTRUCTUREs TELECOMS,92,http://www.vinci-energies-france-infrastructures-telecoms-annonceslegales.com,A. BURBAN
GRAS SAVOYE,92,http://www.grassavoye.fr,G. BENEPLANC
STANLEY SECURITY FRANCE,92,http://www.stanley-securite.fr,J. GUIBERT
zeriodes,92,http://www.zeriodes.fr,B. LEDUC
SARL SPEED TIME TRANSPORT -,92,,y. CHERRERED
trans di,92,http://www.transdi.fr,i. DEMBELE
TRANSADEL,92,http://www.transadel.fr,k. bercot
fcmservices,92,,o. montes
locat transports,92,http://www.locat-transports.com/,f. bourdeleau
TRANSPORTS PRESSE SERVICE,92,http://www.transportsps.fr,N. CHIRINO
VEFIT SA,92,,v. BASILE
Transdev Group,92,http://www.transdev.com,T. Mallet
Tiewara transports,92,,i. keita
DENTSU AEGIS NETWORK,92,http://www.dentsuaegisnetwork.com,T. JADOT
Havas Paris,92,http://www.havasworldwideparis.com,A. Bousquet
AFFICHAGE AUTORISE,92,http://www.affichage-autorise.com,e. SABATIER
SARAWAK La Force de vente,92,http://www.sarawak.fr,c. GAPIHAN
FEEDBACK,92,,E. SERENO
spac,92,http://www.spac.fr,s. cassini
Eni G&P france,92,https://fr.eni.com,f. Bonnet
Quantum,92,http://www.quantum.com,L. Pradeau
GRTgaz,92,http://www.grtgaz.com,t. Trouvé
Groupe CEGOS,92,http://www.cegos.fr,C. Le Bars
jean-laurent simon,92,http://www.apth.fr,L. TZEUTON
AUTO-ECOLE DU CENTRE - CETTAC,92,http://www.autoecolecettac.com,K. RAUZDUEL
MAJENCIA,92,http://www.majencia.com,V. GRUAU
ACEANE SERVICES,92,http://www.senior-compagnie.fr,R. BELKORA
CEESAR,92,http://www.ceesar.fr/,P. CHRETIEN
MOET HENNESSY DIAGEO,92,http://www.mhdfrance.fr,E. BOISMARTEL
PHARMAMAR,92,http://www.pharmamar.com,S. BERTOCCI
Imerys Talc Luzenac France,92,http://www.imerystalc.com,I. KACZMAR
VICAT,92,http://www.vicat.fr,G. SIDOS
ELIS,92,http://www.elis.com,x. Martire
DOMINO'S PIZZA FRANCE,92,https://www.dominos.fr/,F. CAPDEVIELLE
ALTEN,92,http://www.alten.fr/,G. PEUTHERT
ECDSR Secu'route,92,http://www.autoecole-securoute-colombes.com,m. khaif
SAINT-GOBAIN,92,http://www.saint-gobain.com,P. DE CHALENDAR
Unilever,92,http://www.unilever.fr,B. Rouwers
CNPA,92,http://www.cnpa.fr,X. Horent
ADIATE,92,http://www.adiate.fr,M. KECHOU
CODEP92 FFCT Cyclotourisme,92,https://codep92-ffct.org/,A. Moraine
LEASEPLAN,92,http://www.leaseplan.fr,O. DA CUNHA
glaxosmithkline,92,http://fr.gsk.com/,J. Brochard
PROCHALOR,92,http://www.prochalor.com/,G. EGOT
FRAIKIN,92,http://www.fraikin.com,P. COLIN
Radio VINCI Autoroutes (107.7),92,http://www.radiovinciautoroutes.com,v. Monsenergue
Heineken france,92,http://www.heinekenfrance.fr,p. perez castellano
SERVIER MONDE,92,https://servier.com/,J. VIALLE
E.S.2.R.,92,http://es2r.eu/,F. LAMOUCHE
MUTUELLE RENAULT,92,http://WWW.MUTUELLERENAULT.FR,O. DUBOIS
MOTO LOFT,92,http://www.motoloft.bmw-motorrad.fr/,c. MAYET
VIDELIO,92,http://www.videlio.com,A. PESCH
Groupe tf1,92,https://www.groupe-tf1.fr/,G. pELISSON
IBM FRANCE,92,https://www.ibm.com/fr-fr/,N. SEKKAKI
RTE,92,https://www.rte-france.com/,F. BROTTES
RGIS,92,http://www.rgis.fr/,P. MIN
BAYARD PRESSE,92,https://www.groupebayard.com/fr,e. Lamotte
SERVICEPLAN PARIS,92,https://www.serviceplan.fr/fr/,A. ROUSSEL
TDF,92,https://www.tdf.fr/,A. ZENONE
ACCOR SA,92,https://group.accor.com/fr-FR,A. BALSON
MARIAME,92,https://www.mobilitemutuelle.fr/,M. CAMARA
KLR TRANSPORTS INTERNATIONAL,92,,R. BEL MEKKI
Editialis,92,,H. Lenglart
GRoupe AMETRA,92,http://www.ametragroup.com/fr/,C. CAPELLE
VEHIPOSTE,92,https://www.vehiposte.fr/,S. KETFI
DEKRA INDUSTRIAL,92,https://www.dekra-industrial.fr/,E. PICHET
FAYAT POWER,92,http://www.fayat-energie.com/,M. PAGES
NOVEA,92,https://www.novea.fr/,F. SUCHODOLSKI
AEDI IMP SESSAD SUD,92,,S. DUPUY
FAURECIA,92,http://www.faurecia.com,S. CARTALAS
ACMS,92,http://www.acms.asso.fr,N. LE BELLEC
CARTE NOIRE SAS,92,https://www.cartenoire.fr/,L. BONNET
Sani 92,92,,J. Nardolillo
Mobilité Mutuelle,92,,O. DUBOIS 
Radio chauffeurs SAS,92,,R. Radio Chauffeurs 
Moria SA,92,,R. DEVEVEY
LOXAM,92,,S. Henon
Radio Chauffeurs ,92,,R. Azhar
BCA EXPERTISE,92,https://www.bca.fr,J. PREVOST
Allianz,92,,J. RICHIER
Groupe CAT,92,https://www.groupecat.com/?lang=fr,A. FORBES
SIEMENS Gamesa Renewable Energy Service SAS,92,https://www.siemensgamesa.com,K. BOURAS
Tootak,92,https://www.tootakpro.fr/,P. Denis
APTH,92,,L. TZEUTON
IDEX,92,,R. LE ROUX
VISIOM,92,,A. KUSAK
OPPBTP,92,,C. BARRE
CHRYSO,92,https://www.chryso.com/fr/,T. BERNARD
ADIATE,92,https://adiate.fr,C. Gaëlle 
RSK Environnement,92,https://www.rskgroup.com,E. COSTA
IMPACT FIELD MARKETING GROUP,92,https://impactfieldmarketinggroup.com/fr/,J. CASTELLANI
SNCF,93,http://www.sncf.com,G. Pepy
Kellogg's,93,http://www.kelloggs.fr/fr_FR/home.html,F. ROUILLY
TRANSPORTS PREVOST,93,http://www.groupe-prevost.com,J. PREVOST
ths,93,http://www.e-sante.fr,w. hedhili
olt,93,http://www.olt-suresnes-immobilier.com,H. jawhar
JM FERT,93,,M. MOUSSAOUI
transports mmsn,93,,s. joksimovic
A.GREG TRANSPORTS,93,,G. HILARICUS
TRANSPORTS LAURENT,93,http://www.tpslaurent.com,L. ELBAZ
fast courses,93,http://www.fast-courses.fr,l. de macedo
sarl EMT,93,,N. GALLALI
Dufeal transpOrts,93,,G. Dufeal
Gs team,93,,L. garY
FKEXPRESS,93,,F. REBEI
ngts logistic,93,,g. nguepi
FRANCE TRANSPORT DISTRIBUTION,93,,M. DHAHAK
recaero,93,https://www.recaero.fr,C. Pobeau
Aperam,93,http://www.aperam.com/,T. DI MAULO
SPIE Facilities,93,http://www.spie.com,c. pouet
BSH ELECTROMENAGER,93,https://www.bsh-group.com/,N. SPANNEUT
CDS France,93,https://www.hpcds.com/fr/,F. ANGELELLI
Robert Bosch (France) SAS,93,https://www.bosch.fr/,H. Carrie
CARS PHILIPPIN,93,https://www.carsphilippin.com/,A. BRIGNON
Siemens Lease Services,93,http://www.siemens.fr/finance,t. Fautre
BERGERAT MONNOYEUR,93,https://www.bm-cat.com/,B. LEMESLE
spie industrie & tertiaire - division tertiaire,93,http://www.spie.com/,a. tirmarche
VIAMOBILITE,93,,A. BERTHAUT
LAPEYRE DISTRIBUTION,93,https://www.lapeyre.fr/,F. ROLLET
GROUPE CHALLANCIN,93,https://groupe.challancin.fr/,G. FERRE
Dassault Falcon Service,93,https://www.dassaultfalconservice.com/,P-E.AUBIN
AUTO ECOLE MEDERIC,93,http://auto-ecole-mederic.com/,C. MONGAY
INSTITUT DE SOUDURE INDUSTRIE,93,http://www.isgroupe.com,
BWT FRANCE,93,https://www.bwt.com/fr-fr/,S. MARLIER
Groupe Institut de Soudure,93,https://www.isgroupe.com/fr/pages/default.aspx,J. BOUCHET
TECHMO HYGIENE,93,http://www.techmohygiene.fr/,M. DURAND
SIKA FRANCE SAS,93,https://fra.sika.com/,K. COUDRE
Générale de téléphone,93,https://www.generaledetelephone.com/,P. Fauconnier
SR TRANSPORT,93,https://www.srtransport.fr/,A. RODRIGUES
DESCHAMPS SA,93,http://www.sa-deschamps.com/,P. DARLIS
TENNANT ,93,,S. DE SOUSA
EVERNEX,93,,E. CRUNEL
VOITH SAS,93,https://voith.com/fra-fr/index.html,O. ARTAUD
Autocars Soummane ,93,,k. soummane
PROCHALOR ,93,,M. SOUPLET
Orange,93,,M. MARTINGOULET
SGS,94,http://www.sgsgroup.fr/fr-FR/Our-Company/About-SGS/Board-and-Executive-Management/Operations-Council.aspx,F. Egloff
Festo,94,http://www.festo.com/fr,j. Tasse
IGN,94,http://www.ign.fr,D. BURSAUX
STANLEY SECURITY FRANCE,94,http://www.stanley-securite.fr,S. TRABELSI
STANLEY SECURITY FRANCE,94,http://www.stanley-securite.fr,O. GOURIEUX
TRANSPORTS FLAM SERVICES EXPRESS,94,,I. FELSINA
transports stura,94,,s. dubois
TLCA,94,,y. Belch-esquina
Eco transports exprEss,94,,H. Benmoussa
TRANSPORT DE MARCHANDISES SOA,94,,M. RASOLOMANANA
VAL TRANSPORTS PARIS,94,http://www.vianavigo.com,B. CHAABNI
TRANS EXCLUSIVE,94,,Y. HAIDA
2z transport,94,,H. ZOUAGHA
TRANSPORTS DONALD,94,,M. RASOLONDRAIBE
BOOST ATTITUDE,94,http://www.boostattitude.net,D. PETITJEAN
Bpifrance,94,http://www.bpifrance.fr,N. Dufourcq
Goodies Promo,94,http://www.goodies-promo.fr,E. Philippé
NOVEXX SOLUTIONS S.A.S,94,http://www.novexx.com,A. MONTEIRO
abbott france,94,http://www.fr.abbott/,a. gorre
GP2r,94,http://gp2r.fr/,A. WUCHER
Fnac Darty,94,http://www.fnacdarty.com/,E. Martinez
Recommerce,94,https://www.recommerce.com/fr/,C. CHATZIIOANNOU
Assurance Auto - SOS Résilié -,94,https://www.sosresilie.fr/,C. Nathan
ESSILOR INTERNATIONAL,94,https://www.essilor.fr/,A. MONTAGUE
Olympus,94,https://www.olympus.fr/,a. Renard
APROLIS,94,https://www.aprolis.com/,N. PEREZ
INTERFORUM,94,https://www.interforum.fr/login_init.do,E. LEVY
SARL ETABLISSEMENTS AGILE,94,http://www.batiment-agile.com/fr/,F. AMO
RENT A CAR,94,https://www.rentacar.fr/,EMMANUEL RIBEIRO
Inforisque,94,https://inforisque.fr/,B.FONTAINE
Symag,94,http://www.symag.com/,C.FAURERE
Classe one,94,,J. CIDERON
L’entreprise ,94,,M. Izerradjen
GROUPE SARETEC,94,,O. OZTURK
Ecolab,94,https://fr-fr.ecolab.com/,G. Claire
COYOTE EXPRESS,94,,H. DJELASSI
SECURINFOR,94,,R. NEVES
TRANSPORTS BOMPARD,95,http://www.transports-bompard.com,L. BOMPARD
Conciergerie privÉe Bachir boumahdaf,95,,B. Boumahdaf
TRANSDEV,95,,F. PERUCHO
STAFEX,95,http://www.stafex.info,F. ALIAGA
TPS,95,http://www.transport-PARNASS.com,S. GILLOT
BEAUTY TECH,95,http://www.beauty-tech.fr,C. Cronier
LOCAM TRANSPORTS,95,http://www.locam-transports.com/,F. LARONDE
cousin transport rapide,95,,n. ben othmane
SERHAN TRANSPORTS LOGISTIQUE,95,,S. KÜÇÜK
CHRONOPOST,95,http://www.chronopost.fr,P. mouly
RAJA,95,http://www.raja.fr,S. BISMUTH
wach transports,95,,w. guilloux
GN TRANSPORTS,95,http://www.gntransport.fr,G. NDIYE
TRANS EUROS,95,,b. BELKHEIR
GÉNÉRAL TRANSPORTS EXPRESSE,95,,M. CHARIFI
3M FRANCE,95,,S. BARREAU
ALES GROUPE,95,http://www.alesgroupe.com,C. PLANCKE
SECURE-3S,95,,C. TOULMET
CEOBUS,95,http://www.ratpdev.com,C. MOUTOU
SPIE operations,95,http://www.spie.com,O. Domergue
AIR FRANCE,95,http://corporate.airfrance.com,G. GATEAU
Groupe ADP,95,http://www.parisaeroport.fr/homepage-groupe,A. de Romanet
servaes,95,https://www.disgroup.fr/,D. SIPIETER
MC3,95,http://www.mc3.fr,R. PERON
ATS PARIS CDG,95,http://www.atseurope-express.com/,L. CHAVAROCHE
AIRESS,95,,R. CHELBI
STAM,95,,C.AMSLER
Challenge Intercontinental Express,95,http://www.c-i-e.fr,S. LAHOUD
3FORETS,95,https://services-a-la-personne.3forets.fr/,S. PHULPIN
CSP,95,,E. AIT-SERHANE
RSST,95,,F. TER JUNG
Safedrive Services,95,,J. Queue
Safedrive Services,95,,J. QUEUE
ACR INTERNATIONAL MOBILITY,95,,C. PESSEL
ACR INTERNATIONAL MOBILITY,95,,C. PESSEL
ACR INTERNATIONAL MOBILITY,95,,C. PESSEL
BOISGARNIER AMO,95,,b. boisgarnier
MENAGE 95,95,,S. DJIAN SUAIRE
Air Emballages,95,https://www.airemballages.com/,J. Bille
ETF SERVICES,95,https://www.etf.fr/agence/etf-services/,A. Housni
Marie-France BAHADOUR,971,,M. BAHADOUR
Feerique Com ,971,,M. BAHADOUR 
GROUPE MENHIR,972,,S. ALIE
POINT S,972,,S. ALIE
GROUPE MENHIR,972,,S. ALIE
SAFE PARK,972,,S. RESOUF
CCIE,972,http://www.toyota-martinique.com,t. huart
PNEUS CASH / SCVP,972,http://www.pneuscash.com/,M. LAFOSSE-MARIN
Desmangles eco conduite ,973,,E. Desmangles 
COROI SAS,974,,G. MAILLOT
EASYWORKS,974,,C. RIZZOTTO
CFAO REUNION,974,,E. BRODELLE
HC environnement,974,,X. How-Choong
MMCD,976,http://www.mmc-mayotte.com/,F. PAUTASSO
